source_realword,pseudoword,syllable_length,modified_syllable_position,original_syllable,modified_syllable,modification_type,corpus_match_status,quality_flag,possible_meaning_warning,review_status,notes
cốc,cỏc,1,1,cốc,cỏc,tone_change,no exact match in processed corpus/candidate/final-real-word files,high,none_detected_by_heuristic,needs_manual_review,real-word-template substitution; exactly one syllable modified
cốc,cốn,1,1,cốc,cốn,final_consonant_change,no exact match in processed corpus/candidate/final-real-word files,high,none_detected_by_heuristic,needs_manual_review,real-word-template substitution; exactly one syllable modified
cốc,côc,1,1,cốc,côc,vowel_change,no exact match in processed corpus/candidate/final-real-word files,high,none_detected_by_heuristic,needs_manual_review,real-word-template substitution; exactly one syllable modified
cỏ,cở,1,1,cỏ,cở,vowel_change,no exact match in processed corpus/candidate/final-real-word files,high,none_detected_by_heuristic,needs_manual_review,real-word-template substitution; exactly one syllable modified
cỏ,chỏ,1,1,cỏ,chỏ,onset_change,no exact match in processed corpus/candidate/final-real-word files,medium,none_detected_by_heuristic,needs_manual_review,real-word-template substitution; exactly one syllable modified
cỏ,gỏ,1,1,cỏ,gỏ,onset_change,no exact match in processed corpus/candidate/final-real-word files,medium,none_detected_by_heuristic,needs_manual_review,real-word-template substitution; exactly one syllable modified
núi,búi,1,1,núi,búi,onset_change,no exact match in processed corpus/candidate/final-real-word files,medium,none_detected_by_heuristic,needs_manual_review,real-word-template substitution; exactly one syllable modified
núi,chúi,1,1,núi,chúi,onset_change,no exact match in processed corpus/candidate/final-real-word files,medium,none_detected_by_heuristic,needs_manual_review,real-word-template substitution; exactly one syllable modified
núi,giúi,1,1,núi,giúi,onset_change,no exact match in processed corpus/candidate/final-real-word files,medium,none_detected_by_heuristic,needs_manual_review,real-word-template substitution; exactly one syllable modified
rừng,rúng,1,1,rừng,rúng,tone_change,no exact match in processed corpus/candidate/final-real-word files,high,none_detected_by_heuristic,needs_manual_review,real-word-template substitution; exactly one syllable modified
rừng,rừc,1,1,rừng,rừc,final_consonant_change,no exact match in processed corpus/candidate/final-real-word files,high,none_detected_by_heuristic,needs_manual_review,real-word-template substitution; exactly one syllable modified
rừng,rừm,1,1,rừng,rừm,final_consonant_change,no exact match in processed corpus/candidate/final-real-word files,high,none_detected_by_heuristic,needs_manual_review,real-word-template substitution; exactly one syllable modified
bút,bụt,1,1,bút,bụt,tone_change,no exact match in processed corpus/candidate/final-real-word files,high,none_detected_by_heuristic,needs_manual_review,real-word-template substitution; exactly one syllable modified
bút,bủt,1,1,bút,bủt,tone_change,no exact match in processed corpus/candidate/final-real-word files,high,none_detected_by_heuristic,needs_manual_review,real-word-template substitution; exactly one syllable modified
bút,búc,1,1,bút,búc,final_consonant_change,no exact match in processed corpus/candidate/final-real-word files,high,none_detected_by_heuristic,needs_manual_review,real-word-template substitution; exactly one syllable modified
mũ,mụ,1,1,mũ,mụ,tone_change,no exact match in processed corpus/candidate/final-real-word files,high,none_detected_by_heuristic,needs_manual_review,real-word-template substitution; exactly one syllable modified
mũ,mư,1,1,mũ,mư,vowel_change,no exact match in processed corpus/candidate/final-real-word files,high,none_detected_by_heuristic,needs_manual_review,real-word-template substitution; exactly one syllable modified
mũ,mố,1,1,mũ,mố,vowel_change,no exact match in processed corpus/candidate/final-real-word files,high,none_detected_by_heuristic,needs_manual_review,real-word-template substitution; exactly one syllable modified
thuốc,thuốm,1,1,thuốc,thuốm,final_consonant_change,no exact match in processed corpus/candidate/final-real-word files,high,none_detected_by_heuristic,needs_manual_review,real-word-template substitution; exactly one syllable modified
thuốc,thuốn,1,1,thuốc,thuốn,final_consonant_change,no exact match in processed corpus/candidate/final-real-word files,high,none_detected_by_heuristic,needs_manual_review,real-word-template substitution; exactly one syllable modified
thuốc,thuống,1,1,thuốc,thuống,final_consonant_change,no exact match in processed corpus/candidate/final-real-word files,high,none_detected_by_heuristic,needs_manual_review,real-word-template substitution; exactly one syllable modified
sông,sọng,1,1,sông,sọng,tone_change,no exact match in processed corpus/candidate/final-real-word files,high,none_detected_by_heuristic,needs_manual_review,real-word-template substitution; exactly one syllable modified
sông,sỏng,1,1,sông,sỏng,tone_change,no exact match in processed corpus/candidate/final-real-word files,high,none_detected_by_heuristic,needs_manual_review,real-word-template substitution; exactly one syllable modified
sông,sôc,1,1,sông,sôc,final_consonant_change,no exact match in processed corpus/candidate/final-real-word files,high,none_detected_by_heuristic,needs_manual_review,real-word-template substitution; exactly one syllable modified
biển,biểc,1,1,biển,biểc,final_consonant_change,no exact match in processed corpus/candidate/final-real-word files,high,none_detected_by_heuristic,needs_manual_review,real-word-template substitution; exactly one syllable modified
biển,biểm,1,1,biển,biểm,final_consonant_change,no exact match in processed corpus/candidate/final-real-word files,high,none_detected_by_heuristic,needs_manual_review,real-word-template substitution; exactly one syllable modified
biển,biểng,1,1,biển,biểng,final_consonant_change,no exact match in processed corpus/candidate/final-real-word files,high,none_detected_by_heuristic,needs_manual_review,real-word-template substitution; exactly one syllable modified
luật,luậc,1,1,luật,luậc,final_consonant_change,no exact match in processed corpus/candidate/final-real-word files,high,none_detected_by_heuristic,needs_manual_review,real-word-template substitution; exactly one syllable modified
luật,luậm,1,1,luật,luậm,final_consonant_change,no exact match in processed corpus/candidate/final-real-word files,high,none_detected_by_heuristic,needs_manual_review,real-word-template substitution; exactly one syllable modified
luật,luậng,1,1,luật,luậng,final_consonant_change,no exact match in processed corpus/candidate/final-real-word files,high,none_detected_by_heuristic,needs_manual_review,real-word-template substitution; exactly one syllable modified
trị,trỉ,1,1,trị,trỉ,tone_change,no exact match in processed corpus/candidate/final-real-word files,high,none_detected_by_heuristic,needs_manual_review,real-word-template substitution; exactly one syllable modified
trị,trý,1,1,trị,trý,vowel_change,no exact match in processed corpus/candidate/final-real-word files,high,none_detected_by_heuristic,needs_manual_review,real-word-template substitution; exactly one syllable modified
trị,trế,1,1,trị,trế,vowel_change,no exact match in processed corpus/candidate/final-real-word files,high,none_detected_by_heuristic,needs_manual_review,real-word-template substitution; exactly one syllable modified
sách,sảch,1,1,sách,sảch,tone_change,no exact match in processed corpus/candidate/final-real-word files,high,none_detected_by_heuristic,needs_manual_review,real-word-template substitution; exactly one syllable modified
sách,sác,1,1,sách,sác,final_consonant_change,no exact match in processed corpus/candidate/final-real-word files,high,none_detected_by_heuristic,needs_manual_review,real-word-template substitution; exactly one syllable modified
sách,sán,1,1,sách,sán,final_consonant_change,no exact match in processed corpus/candidate/final-real-word files,high,none_detected_by_heuristic,needs_manual_review,real-word-template substitution; exactly one syllable modified
chợ,chọ,1,1,chợ,chọ,tone_change,no exact match in processed corpus/candidate/final-real-word files,high,none_detected_by_heuristic,needs_manual_review,real-word-template substitution; exactly one syllable modified
chợ,chá,1,1,chợ,chá,vowel_change,no exact match in processed corpus/candidate/final-real-word files,high,none_detected_by_heuristic,needs_manual_review,real-word-template substitution; exactly one syllable modified
gió,hó,1,1,gió,hó,onset_change,no exact match in processed corpus/candidate/final-real-word files,medium,none_detected_by_heuristic,needs_manual_review,real-word-template substitution; exactly one syllable modified
gió,mó,1,1,gió,mó,onset_change,no exact match in processed corpus/candidate/final-real-word files,medium,none_detected_by_heuristic,needs_manual_review,real-word-template substitution; exactly one syllable modified
gió,thó,1,1,gió,thó,onset_change,no exact match in processed corpus/candidate/final-real-word files,medium,none_detected_by_heuristic,needs_manual_review,real-word-template substitution; exactly one syllable modified
ghế,ghể,1,1,ghế,ghể,vowel_change,no exact match in processed corpus/candidate/final-real-word files,high,none_detected_by_heuristic,needs_manual_review,real-word-template substitution; exactly one syllable modified
ghế,giế,1,1,ghế,giế,onset_change,no exact match in processed corpus/candidate/final-real-word files,medium,none_detected_by_heuristic,needs_manual_review,real-word-template substitution; exactly one syllable modified
ghế,hế,1,1,ghế,hế,onset_change,no exact match in processed corpus/candidate/final-real-word files,medium,none_detected_by_heuristic,needs_manual_review,real-word-template substitution; exactly one syllable modified
đất,đat,1,1,đất,đat,tone_change,no exact match in processed corpus/candidate/final-real-word files,high,none_detected_by_heuristic,needs_manual_review,real-word-template substitution; exactly one syllable modified
đất,đảt,1,1,đất,đảt,tone_change,no exact match in processed corpus/candidate/final-real-word files,high,none_detected_by_heuristic,needs_manual_review,real-word-template substitution; exactly one syllable modified
đất,đấc,1,1,đất,đấc,final_consonant_change,no exact match in processed corpus/candidate/final-real-word files,high,none_detected_by_heuristic,needs_manual_review,real-word-template substitution; exactly one syllable modified
đá,đạ,1,1,đá,đạ,tone_change,no exact match in processed corpus/candidate/final-real-word files,high,none_detected_by_heuristic,needs_manual_review,real-word-template substitution; exactly one syllable modified
đá,đâ,1,1,đá,đâ,vowel_change,no exact match in processed corpus/candidate/final-real-word files,high,none_detected_by_heuristic,needs_manual_review,real-word-template substitution; exactly one syllable modified
đá,đă,1,1,đá,đă,vowel_change,no exact match in processed corpus/candidate/final-real-word files,high,none_detected_by_heuristic,needs_manual_review,real-word-template substitution; exactly one syllable modified
dân,dản,1,1,dân,dản,tone_change,no exact match in processed corpus/candidate/final-real-word files,high,none_detected_by_heuristic,needs_manual_review,real-word-template substitution; exactly one syllable modified
dân,dâc,1,1,dân,dâc,final_consonant_change,no exact match in processed corpus/candidate/final-real-word files,high,none_detected_by_heuristic,needs_manual_review,real-word-template substitution; exactly one syllable modified
dân,dâp,1,1,dân,dâp,final_consonant_change,no exact match in processed corpus/candidate/final-real-word files,high,none_detected_by_heuristic,needs_manual_review,real-word-template substitution; exactly one syllable modified
vải,bải,1,1,vải,bải,onset_change,no exact match in processed corpus/candidate/final-real-word files,medium,none_detected_by_heuristic,needs_manual_review,real-word-template substitution; exactly one syllable modified
vải,gải,1,1,vải,gải,onset_change,no exact match in processed corpus/candidate/final-real-word files,medium,none_detected_by_heuristic,needs_manual_review,real-word-template substitution; exactly one syllable modified
vải,ngải,1,1,vải,ngải,onset_change,no exact match in processed corpus/candidate/final-real-word files,medium,none_detected_by_heuristic,needs_manual_review,real-word-template substitution; exactly one syllable modified
áo,kháo,1,1,áo,kháo,onset_change,no exact match in processed corpus/candidate/final-real-word files,medium,none_detected_by_heuristic,needs_manual_review,real-word-template substitution; exactly one syllable modified
áo,máo,1,1,áo,máo,onset_change,no exact match in processed corpus/candidate/final-real-word files,medium,none_detected_by_heuristic,needs_manual_review,real-word-template substitution; exactly one syllable modified
áo,ngáo,1,1,áo,ngáo,onset_change,no exact match in processed corpus/candidate/final-real-word files,medium,none_detected_by_heuristic,needs_manual_review,real-word-template substitution; exactly one syllable modified
lực,lủc,1,1,lực,lủc,tone_change,no exact match in processed corpus/candidate/final-real-word files,high,none_detected_by_heuristic,needs_manual_review,real-word-template substitution; exactly one syllable modified
lực,lựm,1,1,lực,lựm,final_consonant_change,no exact match in processed corpus/candidate/final-real-word files,high,none_detected_by_heuristic,needs_manual_review,real-word-template substitution; exactly one syllable modified
lực,lựn,1,1,lực,lựn,final_consonant_change,no exact match in processed corpus/candidate/final-real-word files,high,none_detected_by_heuristic,needs_manual_review,real-word-template substitution; exactly one syllable modified
xe,xẹ,1,1,xe,xẹ,tone_change,no exact match in processed corpus/candidate/final-real-word files,high,none_detected_by_heuristic,needs_manual_review,real-word-template substitution; exactly one syllable modified
xe,xể,1,1,xe,xể,vowel_change,no exact match in processed corpus/candidate/final-real-word files,high,none_detected_by_heuristic,needs_manual_review,real-word-template substitution; exactly one syllable modified
vật,vảt,1,1,vật,vảt,tone_change,no exact match in processed corpus/candidate/final-real-word files,high,none_detected_by_heuristic,needs_manual_review,real-word-template substitution; exactly one syllable modified
vật,vậc,1,1,vật,vậc,final_consonant_change,no exact match in processed corpus/candidate/final-real-word files,high,none_detected_by_heuristic,needs_manual_review,real-word-template substitution; exactly one syllable modified
vật,vậm,1,1,vật,vậm,final_consonant_change,no exact match in processed corpus/candidate/final-real-word files,high,none_detected_by_heuristic,needs_manual_review,real-word-template substitution; exactly one syllable modified
cửa,bửa,1,1,cửa,bửa,onset_change,no exact match in processed corpus/candidate/final-real-word files,medium,none_detected_by_heuristic,needs_manual_review,real-word-template substitution; exactly one syllable modified
cửa,gửa,1,1,cửa,gửa,onset_change,no exact match in processed corpus/candidate/final-real-word files,medium,none_detected_by_heuristic,needs_manual_review,real-word-template substitution; exactly one syllable modified
cửa,hửa,1,1,cửa,hửa,onset_change,no exact match in processed corpus/candidate/final-real-word files,medium,none_detected_by_heuristic,needs_manual_review,real-word-template substitution; exactly one syllable modified
cây,chây,1,1,cây,chây,onset_change,no exact match in processed corpus/candidate/final-real-word files,medium,none_detected_by_heuristic,needs_manual_review,real-word-template substitution; exactly one syllable modified
cây,hây,1,1,cây,hây,onset_change,no exact match in processed corpus/candidate/final-real-word files,medium,none_detected_by_heuristic,needs_manual_review,real-word-template substitution; exactly one syllable modified
cây,khây,1,1,cây,khây,onset_change,no exact match in processed corpus/candidate/final-real-word files,medium,none_detected_by_heuristic,needs_manual_review,real-word-template substitution; exactly one syllable modified
đèn,đén,1,1,đèn,đén,tone_change,no exact match in processed corpus/candidate/final-real-word files,high,none_detected_by_heuristic,needs_manual_review,real-word-template substitution; exactly one syllable modified
đèn,đẹn,1,1,đèn,đẹn,tone_change,no exact match in processed corpus/candidate/final-real-word files,high,none_detected_by_heuristic,needs_manual_review,real-word-template substitution; exactly one syllable modified
đèn,đẻn,1,1,đèn,đẻn,tone_change,no exact match in processed corpus/candidate/final-real-word files,high,none_detected_by_heuristic,needs_manual_review,real-word-template substitution; exactly one syllable modified
mắt,mảt,1,1,mắt,mảt,tone_change,no exact match in processed corpus/candidate/final-real-word files,high,none_detected_by_heuristic,needs_manual_review,real-word-template substitution; exactly one syllable modified
mắt,măt,1,1,mắt,măt,vowel_change,no exact match in processed corpus/candidate/final-real-word files,high,none_detected_by_heuristic,needs_manual_review,real-word-template substitution; exactly one syllable modified
mắt,mẩt,1,1,mắt,mẩt,vowel_change,no exact match in processed corpus/candidate/final-real-word files,high,none_detected_by_heuristic,needs_manual_review,real-word-template substitution; exactly one syllable modified
tiền,tiềc,1,1,tiền,tiềc,final_consonant_change,no exact match in processed corpus/candidate/final-real-word files,high,none_detected_by_heuristic,needs_manual_review,real-word-template substitution; exactly one syllable modified
tiền,tiềng,1,1,tiền,tiềng,final_consonant_change,no exact match in processed corpus/candidate/final-real-word files,high,none_detected_by_heuristic,needs_manual_review,real-word-template substitution; exactly one syllable modified
tiền,tiềp,1,1,tiền,tiềp,final_consonant_change,no exact match in processed corpus/candidate/final-real-word files,high,none_detected_by_heuristic,needs_manual_review,real-word-template substitution; exactly one syllable modified
bàn,bàc,1,1,bàn,bàc,final_consonant_change,no exact match in processed corpus/candidate/final-real-word files,high,none_detected_by_heuristic,needs_manual_review,real-word-template substitution; exactly one syllable modified
bàn,bàm,1,1,bàn,bàm,final_consonant_change,no exact match in processed corpus/candidate/final-real-word files,high,none_detected_by_heuristic,needs_manual_review,real-word-template substitution; exactly one syllable modified
bàn,bàp,1,1,bàn,bàp,final_consonant_change,no exact match in processed corpus/candidate/final-real-word files,high,none_detected_by_heuristic,needs_manual_review,real-word-template substitution; exactly one syllable modified
lá,lâ,1,1,lá,lâ,vowel_change,no exact match in processed corpus/candidate/final-real-word files,high,none_detected_by_heuristic,needs_manual_review,real-word-template substitution; exactly one syllable modified
lá,lă,1,1,lá,lă,vowel_change,no exact match in processed corpus/candidate/final-real-word files,high,none_detected_by_heuristic,needs_manual_review,real-word-template substitution; exactly one syllable modified
lá,lấ,1,1,lá,lấ,vowel_change,no exact match in processed corpus/candidate/final-real-word files,high,none_detected_by_heuristic,needs_manual_review,real-word-template substitution; exactly one syllable modified
hoa,đoa,1,1,hoa,đoa,onset_change,no exact match in processed corpus/candidate/final-real-word files,medium,none_detected_by_heuristic,needs_manual_review,real-word-template substitution; exactly one syllable modified
đường,đườc,1,1,đường,đườc,final_consonant_change,no exact match in processed corpus/candidate/final-real-word files,high,none_detected_by_heuristic,needs_manual_review,real-word-template substitution; exactly one syllable modified
đường,đườm,1,1,đường,đườm,final_consonant_change,no exact match in processed corpus/candidate/final-real-word files,high,none_detected_by_heuristic,needs_manual_review,real-word-template substitution; exactly one syllable modified
đường,đườn,1,1,đường,đườn,final_consonant_change,no exact match in processed corpus/candidate/final-real-word files,high,none_detected_by_heuristic,needs_manual_review,real-word-template substitution; exactly one syllable modified
tin,tỉn,1,1,tin,tỉn,tone_change,no exact match in processed corpus/candidate/final-real-word files,high,none_detected_by_heuristic,needs_manual_review,real-word-template substitution; exactly one syllable modified
tin,tịn,1,1,tin,tịn,tone_change,no exact match in processed corpus/candidate/final-real-word files,high,none_detected_by_heuristic,needs_manual_review,real-word-template substitution; exactly one syllable modified
tin,týn,1,1,tin,týn,vowel_change,no exact match in processed corpus/candidate/final-real-word files,high,none_detected_by_heuristic,needs_manual_review,real-word-template substitution; exactly one syllable modified
hàng,hàc,1,1,hàng,hàc,final_consonant_change,no exact match in processed corpus/candidate/final-real-word files,high,none_detected_by_heuristic,needs_manual_review,real-word-template substitution; exactly one syllable modified
hàng,hàp,1,1,hàng,hàp,final_consonant_change,no exact match in processed corpus/candidate/final-real-word files,high,none_detected_by_heuristic,needs_manual_review,real-word-template substitution; exactly one syllable modified
hàng,hàt,1,1,hàng,hàt,final_consonant_change,no exact match in processed corpus/candidate/final-real-word files,high,none_detected_by_heuristic,needs_manual_review,real-word-template substitution; exactly one syllable modified
giá,gá,1,1,giá,gá,onset_change,no exact match in processed corpus/candidate/final-real-word files,medium,none_detected_by_heuristic,needs_manual_review,real-word-template substitution; exactly one syllable modified
giá,ngá,1,1,giá,ngá,onset_change,no exact match in processed corpus/candidate/final-real-word files,medium,none_detected_by_heuristic,needs_manual_review,real-word-template substitution; exactly one syllable modified
nhà,nhá,1,1,nhà,nhá,tone_change,no exact match in processed corpus/candidate/final-real-word files,high,none_detected_by_heuristic,needs_manual_review,real-word-template substitution; exactly one syllable modified
nhà,nhạ,1,1,nhà,nhạ,tone_change,no exact match in processed corpus/candidate/final-real-word files,high,none_detected_by_heuristic,needs_manual_review,real-word-template substitution; exactly one syllable modified
nhà,nhâ,1,1,nhà,nhâ,vowel_change,no exact match in processed corpus/candidate/final-real-word files,high,none_detected_by_heuristic,needs_manual_review,real-word-template substitution; exactly one syllable modified
nước,nướm,1,1,nước,nướm,final_consonant_change,no exact match in processed corpus/candidate/final-real-word files,high,none_detected_by_heuristic,needs_manual_review,real-word-template substitution; exactly one syllable modified
nước,nướn,1,1,nước,nướn,final_consonant_change,no exact match in processed corpus/candidate/final-real-word files,high,none_detected_by_heuristic,needs_manual_review,real-word-template substitution; exactly one syllable modified
nước,nướp,1,1,nước,nướp,final_consonant_change,no exact match in processed corpus/candidate/final-real-word files,high,none_detected_by_heuristic,needs_manual_review,real-word-template substitution; exactly one syllable modified
hơi nước,hơi nướm,2,2,nước,nướm,final_consonant_change,no exact match in processed corpus/candidate/final-real-word files,high,none_detected_by_heuristic,needs_manual_review,real-word-template substitution; exactly one syllable modified
hơi nước,hơi nướn,2,2,nước,nướn,final_consonant_change,no exact match in processed corpus/candidate/final-real-word files,high,none_detected_by_heuristic,needs_manual_review,real-word-template substitution; exactly one syllable modified
hơi nước,hơi nướp,2,2,nước,nướp,final_consonant_change,no exact match in processed corpus/candidate/final-real-word files,high,none_detected_by_heuristic,needs_manual_review,real-word-template substitution; exactly one syllable modified
máy lạnh,máy lânh,2,2,lạnh,lânh,vowel_change,no exact match in processed corpus/candidate/final-real-word files,high,none_detected_by_heuristic,needs_manual_review,real-word-template substitution; exactly one syllable modified
máy lạnh,máy lónh,2,2,lạnh,lónh,vowel_change,no exact match in processed corpus/candidate/final-real-word files,high,none_detected_by_heuristic,needs_manual_review,real-word-template substitution; exactly one syllable modified
máy lạnh,máy lănh,2,2,lạnh,lănh,vowel_change,no exact match in processed corpus/candidate/final-real-word files,high,none_detected_by_heuristic,needs_manual_review,real-word-template substitution; exactly one syllable modified
nước muối,nướm muối,2,1,nước,nướm,final_consonant_change,no exact match in processed corpus/candidate/final-real-word files,high,none_detected_by_heuristic,needs_manual_review,real-word-template substitution; exactly one syllable modified
nước muối,nướn muối,2,1,nước,nướn,final_consonant_change,no exact match in processed corpus/candidate/final-real-word files,high,none_detected_by_heuristic,needs_manual_review,real-word-template substitution; exactly one syllable modified
nước muối,nướp muối,2,1,nước,nướp,final_consonant_change,no exact match in processed corpus/candidate/final-real-word files,high,none_detected_by_heuristic,needs_manual_review,real-word-template substitution; exactly one syllable modified
biện pháp,biện phạp,2,2,pháp,phạp,tone_change,no exact match in processed corpus/candidate/final-real-word files,high,none_detected_by_heuristic,needs_manual_review,real-word-template substitution; exactly one syllable modified
biện pháp,biện phảp,2,2,pháp,phảp,tone_change,no exact match in processed corpus/candidate/final-real-word files,high,none_detected_by_heuristic,needs_manual_review,real-word-template substitution; exactly one syllable modified
biện pháp,biệc pháp,2,1,biện,biệc,final_consonant_change,no exact match in processed corpus/candidate/final-real-word files,high,none_detected_by_heuristic,needs_manual_review,real-word-template substitution; exactly one syllable modified
cây cảnh,cây cảc,2,2,cảnh,cảc,final_consonant_change,no exact match in processed corpus/candidate/final-real-word files,high,none_detected_by_heuristic,needs_manual_review,real-word-template substitution; exactly one syllable modified
cây cảnh,cây cảp,2,2,cảnh,cảp,final_consonant_change,no exact match in processed corpus/candidate/final-real-word files,high,none_detected_by_heuristic,needs_manual_review,real-word-template substitution; exactly one syllable modified
cây cảnh,cây cảt,2,2,cảnh,cảt,final_consonant_change,no exact match in processed corpus/candidate/final-real-word files,high,none_detected_by_heuristic,needs_manual_review,real-word-template substitution; exactly one syllable modified
cây xanh,cây xánh,2,2,xanh,xánh,tone_change,no exact match in processed corpus/candidate/final-real-word files,high,none_detected_by_heuristic,needs_manual_review,real-word-template substitution; exactly one syllable modified
cây xanh,cây xạnh,2,2,xanh,xạnh,tone_change,no exact match in processed corpus/candidate/final-real-word files,high,none_detected_by_heuristic,needs_manual_review,real-word-template substitution; exactly one syllable modified
cây xanh,cây xảnh,2,2,xanh,xảnh,tone_change,no exact match in processed corpus/candidate/final-real-word files,high,none_detected_by_heuristic,needs_manual_review,real-word-template substitution; exactly one syllable modified
giá vé,giá vẹ,2,2,vé,vẹ,tone_change,no exact match in processed corpus/candidate/final-real-word files,high,none_detected_by_heuristic,needs_manual_review,real-word-template substitution; exactly one syllable modified
giá vé,giá vể,2,2,vé,vể,vowel_change,no exact match in processed corpus/candidate/final-real-word files,high,none_detected_by_heuristic,needs_manual_review,real-word-template substitution; exactly one syllable modified
giá vé,chá vé,2,1,giá,chá,onset_change,no exact match in processed corpus/candidate/final-real-word files,medium,none_detected_by_heuristic,needs_manual_review,real-word-template substitution; exactly one syllable modified
nước xốt,nước xọt,2,2,xốt,xọt,tone_change,no exact match in processed corpus/candidate/final-real-word files,high,none_detected_by_heuristic,needs_manual_review,real-word-template substitution; exactly one syllable modified
nước xốt,nước xỏt,2,2,xốt,xỏt,tone_change,no exact match in processed corpus/candidate/final-real-word files,high,none_detected_by_heuristic,needs_manual_review,real-word-template substitution; exactly one syllable modified
nước xốt,nướm xốt,2,1,nước,nướm,final_consonant_change,no exact match in processed corpus/candidate/final-real-word files,high,none_detected_by_heuristic,needs_manual_review,real-word-template substitution; exactly one syllable modified
tinh tế,tinh té,2,2,tế,té,tone_change,no exact match in processed corpus/candidate/final-real-word files,high,none_detected_by_heuristic,needs_manual_review,real-word-template substitution; exactly one syllable modified
tinh tế,tinh tẹ,2,2,tế,tẹ,tone_change,no exact match in processed corpus/candidate/final-real-word files,high,none_detected_by_heuristic,needs_manual_review,real-word-template substitution; exactly one syllable modified
tinh tế,týnh tế,2,1,tinh,týnh,vowel_change,no exact match in processed corpus/candidate/final-real-word files,high,none_detected_by_heuristic,needs_manual_review,real-word-template substitution; exactly one syllable modified
đất nước,đat nước,2,1,đất,đat,tone_change,no exact match in processed corpus/candidate/final-real-word files,high,none_detected_by_heuristic,needs_manual_review,real-word-template substitution; exactly one syllable modified
đất nước,đảt nước,2,1,đất,đảt,tone_change,no exact match in processed corpus/candidate/final-real-word files,high,none_detected_by_heuristic,needs_manual_review,real-word-template substitution; exactly one syllable modified
đất nước,đấc nước,2,1,đất,đấc,final_consonant_change,no exact match in processed corpus/candidate/final-real-word files,high,none_detected_by_heuristic,needs_manual_review,real-word-template substitution; exactly one syllable modified
bệnh viện,bệc viện,2,1,bệnh,bệc,final_consonant_change,no exact match in processed corpus/candidate/final-real-word files,high,none_detected_by_heuristic,needs_manual_review,real-word-template substitution; exactly one syllable modified
bệnh viện,bệm viện,2,1,bệnh,bệm,final_consonant_change,no exact match in processed corpus/candidate/final-real-word files,high,none_detected_by_heuristic,needs_manual_review,real-word-template substitution; exactly one syllable modified
bệnh viện,bện viện,2,1,bệnh,bện,final_consonant_change,no exact match in processed corpus/candidate/final-real-word files,high,none_detected_by_heuristic,needs_manual_review,real-word-template substitution; exactly one syllable modified
chén nước,chẹn nước,2,1,chén,chẹn,tone_change,no exact match in processed corpus/candidate/final-real-word files,high,none_detected_by_heuristic,needs_manual_review,real-word-template substitution; exactly one syllable modified
chén nước,chẻn nước,2,1,chén,chẻn,tone_change,no exact match in processed corpus/candidate/final-real-word files,high,none_detected_by_heuristic,needs_manual_review,real-word-template substitution; exactly one syllable modified
chén nước,chéc nước,2,1,chén,chéc,final_consonant_change,no exact match in processed corpus/candidate/final-real-word files,high,none_detected_by_heuristic,needs_manual_review,real-word-template substitution; exactly one syllable modified
mái nhà,mái nhá,2,2,nhà,nhá,tone_change,no exact match in processed corpus/candidate/final-real-word files,high,none_detected_by_heuristic,needs_manual_review,real-word-template substitution; exactly one syllable modified
mái nhà,mái nhạ,2,2,nhà,nhạ,tone_change,no exact match in processed corpus/candidate/final-real-word files,high,none_detected_by_heuristic,needs_manual_review,real-word-template substitution; exactly one syllable modified
mái nhà,mái nhâ,2,2,nhà,nhâ,vowel_change,no exact match in processed corpus/candidate/final-real-word files,high,none_detected_by_heuristic,needs_manual_review,real-word-template substitution; exactly one syllable modified
xe đẩy,xẹ đẩy,2,1,xe,xẹ,tone_change,no exact match in processed corpus/candidate/final-real-word files,high,none_detected_by_heuristic,needs_manual_review,real-word-template substitution; exactly one syllable modified
xe đẩy,xể đẩy,2,1,xe,xể,vowel_change,no exact match in processed corpus/candidate/final-real-word files,high,none_detected_by_heuristic,needs_manual_review,real-word-template substitution; exactly one syllable modified
xe đẩy,xe bẩy,2,2,đẩy,bẩy,onset_change,no exact match in processed corpus/candidate/final-real-word files,medium,none_detected_by_heuristic,needs_manual_review,real-word-template substitution; exactly one syllable modified
giá thành,giá thàc,2,2,thành,thàc,final_consonant_change,no exact match in processed corpus/candidate/final-real-word files,high,none_detected_by_heuristic,needs_manual_review,real-word-template substitution; exactly one syllable modified
giá thành,giá thàm,2,2,thành,thàm,final_consonant_change,no exact match in processed corpus/candidate/final-real-word files,high,none_detected_by_heuristic,needs_manual_review,real-word-template substitution; exactly one syllable modified
giá thành,giá thàp,2,2,thành,thàp,final_consonant_change,no exact match in processed corpus/candidate/final-real-word files,high,none_detected_by_heuristic,needs_manual_review,real-word-template substitution; exactly one syllable modified
mức giá,mủc giá,2,1,mức,mủc,tone_change,no exact match in processed corpus/candidate/final-real-word files,high,none_detected_by_heuristic,needs_manual_review,real-word-template substitution; exactly one syllable modified
mức giá,mứm giá,2,1,mức,mứm,final_consonant_change,no exact match in processed corpus/candidate/final-real-word files,high,none_detected_by_heuristic,needs_manual_review,real-word-template substitution; exactly one syllable modified
mức giá,mứn giá,2,1,mức,mứn,final_consonant_change,no exact match in processed corpus/candidate/final-real-word files,high,none_detected_by_heuristic,needs_manual_review,real-word-template substitution; exactly one syllable modified
pháp luật,phạp luật,2,1,pháp,phạp,tone_change,no exact match in processed corpus/candidate/final-real-word files,high,none_detected_by_heuristic,needs_manual_review,real-word-template substitution; exactly one syllable modified
pháp luật,phảp luật,2,1,pháp,phảp,tone_change,no exact match in processed corpus/candidate/final-real-word files,high,none_detected_by_heuristic,needs_manual_review,real-word-template substitution; exactly one syllable modified
pháp luật,phác luật,2,1,pháp,phác,final_consonant_change,no exact match in processed corpus/candidate/final-real-word files,high,none_detected_by_heuristic,needs_manual_review,real-word-template substitution; exactly one syllable modified
nước đường,nướm đường,2,1,nước,nướm,final_consonant_change,no exact match in processed corpus/candidate/final-real-word files,high,none_detected_by_heuristic,needs_manual_review,real-word-template substitution; exactly one syllable modified
nước đường,nướn đường,2,1,nước,nướn,final_consonant_change,no exact match in processed corpus/candidate/final-real-word files,high,none_detected_by_heuristic,needs_manual_review,real-word-template substitution; exactly one syllable modified
nước đường,nướp đường,2,1,nước,nướp,final_consonant_change,no exact match in processed corpus/candidate/final-real-word files,high,none_detected_by_heuristic,needs_manual_review,real-word-template substitution; exactly one syllable modified
máy xay,báy xay,2,1,máy,báy,onset_change,no exact match in processed corpus/candidate/final-real-word files,medium,none_detected_by_heuristic,needs_manual_review,real-word-template substitution; exactly one syllable modified
máy xay,cáy xay,2,1,máy,cáy,onset_change,no exact match in processed corpus/candidate/final-real-word files,medium,none_detected_by_heuristic,needs_manual_review,real-word-template substitution; exactly one syllable modified
máy xay,giáy xay,2,1,máy,giáy,onset_change,no exact match in processed corpus/candidate/final-real-word files,medium,none_detected_by_heuristic,needs_manual_review,real-word-template substitution; exactly one syllable modified
phương pháp,phương phạp,2,2,pháp,phạp,tone_change,no exact match in processed corpus/candidate/final-real-word files,high,none_detected_by_heuristic,needs_manual_review,real-word-template substitution; exactly one syllable modified
phương pháp,phương phảp,2,2,pháp,phảp,tone_change,no exact match in processed corpus/candidate/final-real-word files,high,none_detected_by_heuristic,needs_manual_review,real-word-template substitution; exactly one syllable modified
phương pháp,phươc pháp,2,1,phương,phươc,final_consonant_change,no exact match in processed corpus/candidate/final-real-word files,high,none_detected_by_heuristic,needs_manual_review,real-word-template substitution; exactly one syllable modified
khoa học,khoa hỏc,2,2,học,hỏc,tone_change,no exact match in processed corpus/candidate/final-real-word files,high,none_detected_by_heuristic,needs_manual_review,real-word-template substitution; exactly one syllable modified
khoa học,khoa họm,2,2,học,họm,final_consonant_change,no exact match in processed corpus/candidate/final-real-word files,high,none_detected_by_heuristic,needs_manual_review,real-word-template substitution; exactly one syllable modified
khoa học,khoa họn,2,2,học,họn,final_consonant_change,no exact match in processed corpus/candidate/final-real-word files,high,none_detected_by_heuristic,needs_manual_review,real-word-template substitution; exactly one syllable modified
nhà cửa,nhá cửa,2,1,nhà,nhá,tone_change,no exact match in processed corpus/candidate/final-real-word files,high,none_detected_by_heuristic,needs_manual_review,real-word-template substitution; exactly one syllable modified
nhà cửa,nhạ cửa,2,1,nhà,nhạ,tone_change,no exact match in processed corpus/candidate/final-real-word files,high,none_detected_by_heuristic,needs_manual_review,real-word-template substitution; exactly one syllable modified
nhà cửa,nhâ cửa,2,1,nhà,nhâ,vowel_change,no exact match in processed corpus/candidate/final-real-word files,high,none_detected_by_heuristic,needs_manual_review,real-word-template substitution; exactly one syllable modified
lao động,lao độm,2,2,động,độm,final_consonant_change,no exact match in processed corpus/candidate/final-real-word files,high,none_detected_by_heuristic,needs_manual_review,real-word-template substitution; exactly one syllable modified
lao động,lao độp,2,2,động,độp,final_consonant_change,no exact match in processed corpus/candidate/final-real-word files,high,none_detected_by_heuristic,needs_manual_review,real-word-template substitution; exactly one syllable modified
lao động,lao đơng,2,2,động,đơng,vowel_change,no exact match in processed corpus/candidate/final-real-word files,high,none_detected_by_heuristic,needs_manual_review,real-word-template substitution; exactly one syllable modified
giáo dục,giáo dúc,2,2,dục,dúc,tone_change,no exact match in processed corpus/candidate/final-real-word files,high,none_detected_by_heuristic,needs_manual_review,real-word-template substitution; exactly one syllable modified
giáo dục,giáo dủc,2,2,dục,dủc,tone_change,no exact match in processed corpus/candidate/final-real-word files,high,none_detected_by_heuristic,needs_manual_review,real-word-template substitution; exactly one syllable modified
giáo dục,giáo dụn,2,2,dục,dụn,final_consonant_change,no exact match in processed corpus/candidate/final-real-word files,high,none_detected_by_heuristic,needs_manual_review,real-word-template substitution; exactly one syllable modified
học thức,hỏc thức,2,1,học,hỏc,tone_change,no exact match in processed corpus/candidate/final-real-word files,high,none_detected_by_heuristic,needs_manual_review,real-word-template substitution; exactly one syllable modified
học thức,học thủc,2,2,thức,thủc,tone_change,no exact match in processed corpus/candidate/final-real-word files,high,none_detected_by_heuristic,needs_manual_review,real-word-template substitution; exactly one syllable modified
học thức,họm thức,2,1,học,họm,final_consonant_change,no exact match in processed corpus/candidate/final-real-word files,high,none_detected_by_heuristic,needs_manual_review,real-word-template substitution; exactly one syllable modified
luật pháp,luật phạp,2,2,pháp,phạp,tone_change,no exact match in processed corpus/candidate/final-real-word files,high,none_detected_by_heuristic,needs_manual_review,real-word-template substitution; exactly one syllable modified
luật pháp,luật phảp,2,2,pháp,phảp,tone_change,no exact match in processed corpus/candidate/final-real-word files,high,none_detected_by_heuristic,needs_manual_review,real-word-template substitution; exactly one syllable modified
luật pháp,luậc pháp,2,1,luật,luậc,final_consonant_change,no exact match in processed corpus/candidate/final-real-word files,high,none_detected_by_heuristic,needs_manual_review,real-word-template substitution; exactly one syllable modified
công nghiệp,cỏng nghiệp,2,1,công,cỏng,tone_change,no exact match in processed corpus/candidate/final-real-word files,high,none_detected_by_heuristic,needs_manual_review,real-word-template substitution; exactly one syllable modified
công nghiệp,côc nghiệp,2,1,công,côc,final_consonant_change,no exact match in processed corpus/candidate/final-real-word files,high,none_detected_by_heuristic,needs_manual_review,real-word-template substitution; exactly one syllable modified
công nghiệp,côm nghiệp,2,1,công,côm,final_consonant_change,no exact match in processed corpus/candidate/final-real-word files,high,none_detected_by_heuristic,needs_manual_review,real-word-template substitution; exactly one syllable modified
nước dừa,nướm dừa,2,1,nước,nướm,final_consonant_change,no exact match in processed corpus/candidate/final-real-word files,high,none_detected_by_heuristic,needs_manual_review,real-word-template substitution; exactly one syllable modified
nước dừa,nướn dừa,2,1,nước,nướn,final_consonant_change,no exact match in processed corpus/candidate/final-real-word files,high,none_detected_by_heuristic,needs_manual_review,real-word-template substitution; exactly one syllable modified
nước dừa,nướp dừa,2,1,nước,nướp,final_consonant_change,no exact match in processed corpus/candidate/final-real-word files,high,none_detected_by_heuristic,needs_manual_review,real-word-template substitution; exactly one syllable modified
văn hóa,vản hóa,2,1,văn,vản,tone_change,no exact match in processed corpus/candidate/final-real-word files,high,none_detected_by_heuristic,needs_manual_review,real-word-template substitution; exactly one syllable modified
văn hóa,văc hóa,2,1,văn,văc,final_consonant_change,no exact match in processed corpus/candidate/final-real-word files,high,none_detected_by_heuristic,needs_manual_review,real-word-template substitution; exactly one syllable modified
văn hóa,văm hóa,2,1,văn,văm,final_consonant_change,no exact match in processed corpus/candidate/final-real-word files,high,none_detected_by_heuristic,needs_manual_review,real-word-template substitution; exactly one syllable modified
nghệ thuật,nghẹ thuật,2,1,nghệ,nghẹ,tone_change,no exact match in processed corpus/candidate/final-real-word files,high,none_detected_by_heuristic,needs_manual_review,real-word-template substitution; exactly one syllable modified
nghệ thuật,nghẻ thuật,2,1,nghệ,nghẻ,tone_change,no exact match in processed corpus/candidate/final-real-word files,high,none_detected_by_heuristic,needs_manual_review,real-word-template substitution; exactly one syllable modified
nghệ thuật,nghệ thuậc,2,2,thuật,thuậc,final_consonant_change,no exact match in processed corpus/candidate/final-real-word files,high,none_detected_by_heuristic,needs_manual_review,real-word-template substitution; exactly one syllable modified
kinh tế,kịnh tế,2,1,kinh,kịnh,tone_change,no exact match in processed corpus/candidate/final-real-word files,high,none_detected_by_heuristic,needs_manual_review,real-word-template substitution; exactly one syllable modified
kinh tế,kinh té,2,2,tế,té,tone_change,no exact match in processed corpus/candidate/final-real-word files,high,none_detected_by_heuristic,needs_manual_review,real-word-template substitution; exactly one syllable modified
kinh tế,kinh tẹ,2,2,tế,tẹ,tone_change,no exact match in processed corpus/candidate/final-real-word files,high,none_detected_by_heuristic,needs_manual_review,real-word-template substitution; exactly one syllable modified
hệ thống,hẻ thống,2,1,hệ,hẻ,tone_change,no exact match in processed corpus/candidate/final-real-word files,high,none_detected_by_heuristic,needs_manual_review,real-word-template substitution; exactly one syllable modified
hệ thống,hệ thóng,2,2,thống,thóng,tone_change,no exact match in processed corpus/candidate/final-real-word files,high,none_detected_by_heuristic,needs_manual_review,real-word-template substitution; exactly one syllable modified
hệ thống,hệ thọng,2,2,thống,thọng,tone_change,no exact match in processed corpus/candidate/final-real-word files,high,none_detected_by_heuristic,needs_manual_review,real-word-template substitution; exactly one syllable modified
khách hàng,khách hàc,2,2,hàng,hàc,final_consonant_change,no exact match in processed corpus/candidate/final-real-word files,high,none_detected_by_heuristic,needs_manual_review,real-word-template substitution; exactly one syllable modified
khách hàng,khách hàp,2,2,hàng,hàp,final_consonant_change,no exact match in processed corpus/candidate/final-real-word files,high,none_detected_by_heuristic,needs_manual_review,real-word-template substitution; exactly one syllable modified
khách hàng,khách hàt,2,2,hàng,hàt,final_consonant_change,no exact match in processed corpus/candidate/final-real-word files,high,none_detected_by_heuristic,needs_manual_review,real-word-template substitution; exactly one syllable modified
đồng nghiệp,đồc nghiệp,2,1,đồng,đồc,final_consonant_change,no exact match in processed corpus/candidate/final-real-word files,high,none_detected_by_heuristic,needs_manual_review,real-word-template substitution; exactly one syllable modified
đồng nghiệp,đồm nghiệp,2,1,đồng,đồm,final_consonant_change,no exact match in processed corpus/candidate/final-real-word files,high,none_detected_by_heuristic,needs_manual_review,real-word-template substitution; exactly one syllable modified
đồng nghiệp,đồp nghiệp,2,1,đồng,đồp,final_consonant_change,no exact match in processed corpus/candidate/final-real-word files,high,none_detected_by_heuristic,needs_manual_review,real-word-template substitution; exactly one syllable modified
truyền thống,truyền thóng,2,2,thống,thóng,tone_change,no exact match in processed corpus/candidate/final-real-word files,high,none_detected_by_heuristic,needs_manual_review,real-word-template substitution; exactly one syllable modified
truyền thống,truyền thọng,2,2,thống,thọng,tone_change,no exact match in processed corpus/candidate/final-real-word files,high,none_detected_by_heuristic,needs_manual_review,real-word-template substitution; exactly one syllable modified
truyền thống,truyền thỏng,2,2,thống,thỏng,tone_change,no exact match in processed corpus/candidate/final-real-word files,high,none_detected_by_heuristic,needs_manual_review,real-word-template substitution; exactly one syllable modified
cửa hàng,cửa hàc,2,2,hàng,hàc,final_consonant_change,no exact match in processed corpus/candidate/final-real-word files,high,none_detected_by_heuristic,needs_manual_review,real-word-template substitution; exactly one syllable modified
cửa hàng,cửa hàp,2,2,hàng,hàp,final_consonant_change,no exact match in processed corpus/candidate/final-real-word files,high,none_detected_by_heuristic,needs_manual_review,real-word-template substitution; exactly one syllable modified
cửa hàng,cửa hàt,2,2,hàng,hàt,final_consonant_change,no exact match in processed corpus/candidate/final-real-word files,high,none_detected_by_heuristic,needs_manual_review,real-word-template substitution; exactly one syllable modified
thị trường,thị trườc,2,2,trường,trườc,final_consonant_change,no exact match in processed corpus/candidate/final-real-word files,high,none_detected_by_heuristic,needs_manual_review,real-word-template substitution; exactly one syllable modified
thị trường,thị trườm,2,2,trường,trườm,final_consonant_change,no exact match in processed corpus/candidate/final-real-word files,high,none_detected_by_heuristic,needs_manual_review,real-word-template substitution; exactly one syllable modified
thị trường,thị trườp,2,2,trường,trườp,final_consonant_change,no exact match in processed corpus/candidate/final-real-word files,high,none_detected_by_heuristic,needs_manual_review,real-word-template substitution; exactly one syllable modified
nhà hàng,nhà hàc,2,2,hàng,hàc,final_consonant_change,no exact match in processed corpus/candidate/final-real-word files,high,none_detected_by_heuristic,needs_manual_review,real-word-template substitution; exactly one syllable modified
nhà hàng,nhà hàp,2,2,hàng,hàp,final_consonant_change,no exact match in processed corpus/candidate/final-real-word files,high,none_detected_by_heuristic,needs_manual_review,real-word-template substitution; exactly one syllable modified
nhà hàng,nhà hàt,2,2,hàng,hàt,final_consonant_change,no exact match in processed corpus/candidate/final-real-word files,high,none_detected_by_heuristic,needs_manual_review,real-word-template substitution; exactly one syllable modified
công ty,cỏng ty,2,1,công,cỏng,tone_change,no exact match in processed corpus/candidate/final-real-word files,high,none_detected_by_heuristic,needs_manual_review,real-word-template substitution; exactly one syllable modified
công ty,côc ty,2,1,công,côc,final_consonant_change,no exact match in processed corpus/candidate/final-real-word files,high,none_detected_by_heuristic,needs_manual_review,real-word-template substitution; exactly one syllable modified
công ty,côm ty,2,1,công,côm,final_consonant_change,no exact match in processed corpus/candidate/final-real-word files,high,none_detected_by_heuristic,needs_manual_review,real-word-template substitution; exactly one syllable modified
chủ cửa hàng,chủ cửa hàc,3,3,hàng,hàc,final_consonant_change,no exact match in processed corpus/candidate/final-real-word files,high,none_detected_by_heuristic,needs_manual_review,real-word-template substitution; exactly one syllable modified
chủ cửa hàng,chủ cửa hàp,3,3,hàng,hàp,final_consonant_change,no exact match in processed corpus/candidate/final-real-word files,high,none_detected_by_heuristic,needs_manual_review,real-word-template substitution; exactly one syllable modified
chủ cửa hàng,chủ cửa hàt,3,3,hàng,hàt,final_consonant_change,no exact match in processed corpus/candidate/final-real-word files,high,none_detected_by_heuristic,needs_manual_review,real-word-template substitution; exactly one syllable modified
hãng sản xuất,hãc sản xuất,3,1,hãng,hãc,final_consonant_change,no exact match in processed corpus/candidate/final-real-word files,high,none_detected_by_heuristic,needs_manual_review,real-word-template substitution; exactly one syllable modified
hãng sản xuất,hãp sản xuất,3,1,hãng,hãp,final_consonant_change,no exact match in processed corpus/candidate/final-real-word files,high,none_detected_by_heuristic,needs_manual_review,real-word-template substitution; exactly one syllable modified
hãng sản xuất,hãt sản xuất,3,1,hãng,hãt,final_consonant_change,no exact match in processed corpus/candidate/final-real-word files,high,none_detected_by_heuristic,needs_manual_review,real-word-template substitution; exactly one syllable modified
máy nước nóng,máy nước nỏng,3,3,nóng,nỏng,tone_change,no exact match in processed corpus/candidate/final-real-word files,high,none_detected_by_heuristic,needs_manual_review,real-word-template substitution; exactly one syllable modified
máy nước nóng,máy nướm nóng,3,2,nước,nướm,final_consonant_change,no exact match in processed corpus/candidate/final-real-word files,high,none_detected_by_heuristic,needs_manual_review,real-word-template substitution; exactly one syllable modified
máy nước nóng,máy nướn nóng,3,2,nước,nướn,final_consonant_change,no exact match in processed corpus/candidate/final-real-word files,high,none_detected_by_heuristic,needs_manual_review,real-word-template substitution; exactly one syllable modified
tâm lý học,tảm lý học,3,1,tâm,tảm,tone_change,no exact match in processed corpus/candidate/final-real-word files,high,none_detected_by_heuristic,needs_manual_review,real-word-template substitution; exactly one syllable modified
tâm lý học,tâm lỵ học,3,2,lý,lỵ,tone_change,no exact match in processed corpus/candidate/final-real-word files,high,none_detected_by_heuristic,needs_manual_review,real-word-template substitution; exactly one syllable modified
tâm lý học,tâm lỷ học,3,2,lý,lỷ,tone_change,no exact match in processed corpus/candidate/final-real-word files,high,none_detected_by_heuristic,needs_manual_review,real-word-template substitution; exactly one syllable modified
nét văn hóa,nẹt văn hóa,3,1,nét,nẹt,tone_change,no exact match in processed corpus/candidate/final-real-word files,high,none_detected_by_heuristic,needs_manual_review,real-word-template substitution; exactly one syllable modified
nét văn hóa,nẻt văn hóa,3,1,nét,nẻt,tone_change,no exact match in processed corpus/candidate/final-real-word files,high,none_detected_by_heuristic,needs_manual_review,real-word-template substitution; exactly one syllable modified
nét văn hóa,nét vản hóa,3,2,văn,vản,tone_change,no exact match in processed corpus/candidate/final-real-word files,high,none_detected_by_heuristic,needs_manual_review,real-word-template substitution; exactly one syllable modified
nước hoa hồng,nướm hoa hồng,3,1,nước,nướm,final_consonant_change,no exact match in processed corpus/candidate/final-real-word files,high,none_detected_by_heuristic,needs_manual_review,real-word-template substitution; exactly one syllable modified
nước hoa hồng,nướn hoa hồng,3,1,nước,nướn,final_consonant_change,no exact match in processed corpus/candidate/final-real-word files,high,none_detected_by_heuristic,needs_manual_review,real-word-template substitution; exactly one syllable modified
nước hoa hồng,nướp hoa hồng,3,1,nước,nướp,final_consonant_change,no exact match in processed corpus/candidate/final-real-word files,high,none_detected_by_heuristic,needs_manual_review,real-word-template substitution; exactly one syllable modified
trường đại học,trường đại hỏc,3,3,học,hỏc,tone_change,no exact match in processed corpus/candidate/final-real-word files,high,none_detected_by_heuristic,needs_manual_review,real-word-template substitution; exactly one syllable modified
trường đại học,trườc đại học,3,1,trường,trườc,final_consonant_change,no exact match in processed corpus/candidate/final-real-word files,high,none_detected_by_heuristic,needs_manual_review,real-word-template substitution; exactly one syllable modified
trường đại học,trườm đại học,3,1,trường,trườm,final_consonant_change,no exact match in processed corpus/candidate/final-real-word files,high,none_detected_by_heuristic,needs_manual_review,real-word-template substitution; exactly one syllable modified
nhà thiết kế,nhá thiết kế,3,1,nhà,nhá,tone_change,no exact match in processed corpus/candidate/final-real-word files,high,none_detected_by_heuristic,needs_manual_review,real-word-template substitution; exactly one syllable modified
nhà thiết kế,nhạ thiết kế,3,1,nhà,nhạ,tone_change,no exact match in processed corpus/candidate/final-real-word files,high,none_detected_by_heuristic,needs_manual_review,real-word-template substitution; exactly one syllable modified
nhà thiết kế,nhà thiết ké,3,3,kế,ké,tone_change,no exact match in processed corpus/candidate/final-real-word files,high,none_detected_by_heuristic,needs_manual_review,real-word-template substitution; exactly one syllable modified
nước trái cây,nướm trái cây,3,1,nước,nướm,final_consonant_change,no exact match in processed corpus/candidate/final-real-word files,high,none_detected_by_heuristic,needs_manual_review,real-word-template substitution; exactly one syllable modified
nước trái cây,nướn trái cây,3,1,nước,nướn,final_consonant_change,no exact match in processed corpus/candidate/final-real-word files,high,none_detected_by_heuristic,needs_manual_review,real-word-template substitution; exactly one syllable modified
nước trái cây,nướp trái cây,3,1,nước,nướp,final_consonant_change,no exact match in processed corpus/candidate/final-real-word files,high,none_detected_by_heuristic,needs_manual_review,real-word-template substitution; exactly one syllable modified
dòng sản phẩm,dọng sản phẩm,3,1,dòng,dọng,tone_change,no exact match in processed corpus/candidate/final-real-word files,high,none_detected_by_heuristic,needs_manual_review,real-word-template substitution; exactly one syllable modified
dòng sản phẩm,dòng sán phẩm,3,2,sản,sán,tone_change,no exact match in processed corpus/candidate/final-real-word files,high,none_detected_by_heuristic,needs_manual_review,real-word-template substitution; exactly one syllable modified
dòng sản phẩm,dòng sản phám,3,3,phẩm,phám,tone_change,no exact match in processed corpus/candidate/final-real-word files,high,none_detected_by_heuristic,needs_manual_review,real-word-template substitution; exactly one syllable modified
loại sản phẩm,loại sán phẩm,3,2,sản,sán,tone_change,no exact match in processed corpus/candidate/final-real-word files,high,none_detected_by_heuristic,needs_manual_review,real-word-template substitution; exactly one syllable modified
loại sản phẩm,loại sản phám,3,3,phẩm,phám,tone_change,no exact match in processed corpus/candidate/final-real-word files,high,none_detected_by_heuristic,needs_manual_review,real-word-template substitution; exactly one syllable modified
loại sản phẩm,loại sảc phẩm,3,2,sản,sảc,final_consonant_change,no exact match in processed corpus/candidate/final-real-word files,high,none_detected_by_heuristic,needs_manual_review,real-word-template substitution; exactly one syllable modified
máy hút khói,máy hủt khói,3,2,hút,hủt,tone_change,no exact match in processed corpus/candidate/final-real-word files,high,none_detected_by_heuristic,needs_manual_review,real-word-template substitution; exactly one syllable modified
máy hút khói,máy húc khói,3,2,hút,húc,final_consonant_change,no exact match in processed corpus/candidate/final-real-word files,high,none_detected_by_heuristic,needs_manual_review,real-word-template substitution; exactly one syllable modified
máy hút khói,máy húm khói,3,2,hút,húm,final_consonant_change,no exact match in processed corpus/candidate/final-real-word files,high,none_detected_by_heuristic,needs_manual_review,real-word-template substitution; exactly one syllable modified
máy điều hòa,báy điều hòa,3,1,máy,báy,onset_change,no exact match in processed corpus/candidate/final-real-word files,medium,none_detected_by_heuristic,needs_manual_review,real-word-template substitution; exactly one syllable modified
máy điều hòa,cáy điều hòa,3,1,máy,cáy,onset_change,no exact match in processed corpus/candidate/final-real-word files,medium,none_detected_by_heuristic,needs_manual_review,real-word-template substitution; exactly one syllable modified
máy điều hòa,giáy điều hòa,3,1,máy,giáy,onset_change,no exact match in processed corpus/candidate/final-real-word files,medium,none_detected_by_heuristic,needs_manual_review,real-word-template substitution; exactly one syllable modified
loại thực phẩm,loại thủc phẩm,3,2,thực,thủc,tone_change,no exact match in processed corpus/candidate/final-real-word files,high,none_detected_by_heuristic,needs_manual_review,real-word-template substitution; exactly one syllable modified
loại thực phẩm,loại thực phám,3,3,phẩm,phám,tone_change,no exact match in processed corpus/candidate/final-real-word files,high,none_detected_by_heuristic,needs_manual_review,real-word-template substitution; exactly one syllable modified
loại thực phẩm,loại thựm phẩm,3,2,thực,thựm,final_consonant_change,no exact match in processed corpus/candidate/final-real-word files,high,none_detected_by_heuristic,needs_manual_review,real-word-template substitution; exactly one syllable modified
máy hút bụi,máy hủt bụi,3,2,hút,hủt,tone_change,no exact match in processed corpus/candidate/final-real-word files,high,none_detected_by_heuristic,needs_manual_review,real-word-template substitution; exactly one syllable modified
máy hút bụi,máy húc bụi,3,2,hút,húc,final_consonant_change,no exact match in processed corpus/candidate/final-real-word files,high,none_detected_by_heuristic,needs_manual_review,real-word-template substitution; exactly one syllable modified
máy hút bụi,máy húm bụi,3,2,hút,húm,final_consonant_change,no exact match in processed corpus/candidate/final-real-word files,high,none_detected_by_heuristic,needs_manual_review,real-word-template substitution; exactly one syllable modified
máy vi tính,máy vi tíc,3,3,tính,tíc,final_consonant_change,no exact match in processed corpus/candidate/final-real-word files,high,none_detected_by_heuristic,needs_manual_review,real-word-template substitution; exactly one syllable modified
máy vi tính,máy vi tíng,3,3,tính,tíng,final_consonant_change,no exact match in processed corpus/candidate/final-real-word files,high,none_detected_by_heuristic,needs_manual_review,real-word-template substitution; exactly one syllable modified
máy vi tính,máy vý tính,3,2,vi,vý,vowel_change,no exact match in processed corpus/candidate/final-real-word files,high,none_detected_by_heuristic,needs_manual_review,real-word-template substitution; exactly one syllable modified
máy nghe nhạc,máy nghẹ nhạc,3,2,nghe,nghẹ,tone_change,no exact match in processed corpus/candidate/final-real-word files,high,none_detected_by_heuristic,needs_manual_review,real-word-template substitution; exactly one syllable modified
máy nghe nhạc,máy nghẻ nhạc,3,2,nghe,nghẻ,tone_change,no exact match in processed corpus/candidate/final-real-word files,high,none_detected_by_heuristic,needs_manual_review,real-word-template substitution; exactly one syllable modified
máy nghe nhạc,máy nghe nhảc,3,3,nhạc,nhảc,tone_change,no exact match in processed corpus/candidate/final-real-word files,high,none_detected_by_heuristic,needs_manual_review,real-word-template substitution; exactly one syllable modified
nước cốt dừa,nước cọt dừa,3,2,cốt,cọt,tone_change,no exact match in processed corpus/candidate/final-real-word files,high,none_detected_by_heuristic,needs_manual_review,real-word-template substitution; exactly one syllable modified
nước cốt dừa,nước cỏt dừa,3,2,cốt,cỏt,tone_change,no exact match in processed corpus/candidate/final-real-word files,high,none_detected_by_heuristic,needs_manual_review,real-word-template substitution; exactly one syllable modified
nước cốt dừa,nướm cốt dừa,3,1,nước,nướm,final_consonant_change,no exact match in processed corpus/candidate/final-real-word files,high,none_detected_by_heuristic,needs_manual_review,real-word-template substitution; exactly one syllable modified
nước vo gạo,nước vọ gạo,3,2,vo,vọ,tone_change,no exact match in processed corpus/candidate/final-real-word files,high,none_detected_by_heuristic,needs_manual_review,real-word-template substitution; exactly one syllable modified
nước vo gạo,nướm vo gạo,3,1,nước,nướm,final_consonant_change,no exact match in processed corpus/candidate/final-real-word files,high,none_detected_by_heuristic,needs_manual_review,real-word-template substitution; exactly one syllable modified
nước vo gạo,nướn vo gạo,3,1,nước,nướn,final_consonant_change,no exact match in processed corpus/candidate/final-real-word files,high,none_detected_by_heuristic,needs_manual_review,real-word-template substitution; exactly one syllable modified
nhà sản xuất,nhá sản xuất,3,1,nhà,nhá,tone_change,no exact match in processed corpus/candidate/final-real-word files,high,none_detected_by_heuristic,needs_manual_review,real-word-template substitution; exactly one syllable modified
nhà sản xuất,nhạ sản xuất,3,1,nhà,nhạ,tone_change,no exact match in processed corpus/candidate/final-real-word files,high,none_detected_by_heuristic,needs_manual_review,real-word-template substitution; exactly one syllable modified
nhà sản xuất,nhà sán xuất,3,2,sản,sán,tone_change,no exact match in processed corpus/candidate/final-real-word files,high,none_detected_by_heuristic,needs_manual_review,real-word-template substitution; exactly one syllable modified
cơ sở sản xuất,cơ só sản xuất,4,2,sở,só,tone_change,no exact match in processed corpus/candidate/final-real-word files,high,none_detected_by_heuristic,needs_manual_review,real-word-template substitution; exactly one syllable modified
cơ sở sản xuất,cơ sọ sản xuất,4,2,sở,sọ,tone_change,no exact match in processed corpus/candidate/final-real-word files,high,none_detected_by_heuristic,needs_manual_review,real-word-template substitution; exactly one syllable modified
cơ sở sản xuất,cơ sỏ sản xuất,4,2,sở,sỏ,tone_change,no exact match in processed corpus/candidate/final-real-word files,high,none_detected_by_heuristic,needs_manual_review,real-word-template substitution; exactly one syllable modified
cửa hàng thực phẩm,cửa hàc thực phẩm,4,2,hàng,hàc,final_consonant_change,no exact match in processed corpus/candidate/final-real-word files,high,none_detected_by_heuristic,needs_manual_review,real-word-template substitution; exactly one syllable modified
cửa hàng thực phẩm,cửa hàp thực phẩm,4,2,hàng,hàp,final_consonant_change,no exact match in processed corpus/candidate/final-real-word files,high,none_detected_by_heuristic,needs_manual_review,real-word-template substitution; exactly one syllable modified
cửa hàng thực phẩm,cửa hàt thực phẩm,4,2,hàng,hàt,final_consonant_change,no exact match in processed corpus/candidate/final-real-word files,high,none_detected_by_heuristic,needs_manual_review,real-word-template substitution; exactly one syllable modified
máy đo huyết áp,máy đọ huyết áp,4,2,đo,đọ,tone_change,no exact match in processed corpus/candidate/final-real-word files,high,none_detected_by_heuristic,needs_manual_review,real-word-template substitution; exactly one syllable modified
máy đo huyết áp,máy đo huyết ạp,4,4,áp,ạp,tone_change,no exact match in processed corpus/candidate/final-real-word files,high,none_detected_by_heuristic,needs_manual_review,real-word-template substitution; exactly one syllable modified
máy đo huyết áp,máy đo huyết ảp,4,4,áp,ảp,tone_change,no exact match in processed corpus/candidate/final-real-word files,high,none_detected_by_heuristic,needs_manual_review,real-word-template substitution; exactly one syllable modified
môi trường bên ngoài,môi trường bẹn ngoài,4,3,bên,bẹn,tone_change,no exact match in processed corpus/candidate/final-real-word files,high,none_detected_by_heuristic,needs_manual_review,real-word-template substitution; exactly one syllable modified
môi trường bên ngoài,môi trường bẻn ngoài,4,3,bên,bẻn,tone_change,no exact match in processed corpus/candidate/final-real-word files,high,none_detected_by_heuristic,needs_manual_review,real-word-template substitution; exactly one syllable modified
môi trường bên ngoài,môi trườc bên ngoài,4,2,trường,trườc,final_consonant_change,no exact match in processed corpus/candidate/final-real-word files,high,none_detected_by_heuristic,needs_manual_review,real-word-template substitution; exactly one syllable modified
nghiên cứu khoa học,nghiên cứu khoa hỏc,4,4,học,hỏc,tone_change,no exact match in processed corpus/candidate/final-real-word files,high,none_detected_by_heuristic,needs_manual_review,real-word-template substitution; exactly one syllable modified
nghiên cứu khoa học,nghiêc cứu khoa học,4,1,nghiên,nghiêc,final_consonant_change,no exact match in processed corpus/candidate/final-real-word files,high,none_detected_by_heuristic,needs_manual_review,real-word-template substitution; exactly one syllable modified
nghiên cứu khoa học,nghiêt cứu khoa học,4,1,nghiên,nghiêt,final_consonant_change,no exact match in processed corpus/candidate/final-real-word files,high,none_detected_by_heuristic,needs_manual_review,real-word-template substitution; exactly one syllable modified
tai nạn lao động,tai nán lao động,4,2,nạn,nán,tone_change,no exact match in processed corpus/candidate/final-real-word files,high,none_detected_by_heuristic,needs_manual_review,real-word-template substitution; exactly one syllable modified
tai nạn lao động,tai nạn lao độm,4,4,động,độm,final_consonant_change,no exact match in processed corpus/candidate/final-real-word files,high,none_detected_by_heuristic,needs_manual_review,real-word-template substitution; exactly one syllable modified
tai nạn lao động,tai nạn lao độp,4,4,động,độp,final_consonant_change,no exact match in processed corpus/candidate/final-real-word files,high,none_detected_by_heuristic,needs_manual_review,real-word-template substitution; exactly one syllable modified
văn hóa ẩm thực,vản hóa ẩm thực,4,1,văn,vản,tone_change,no exact match in processed corpus/candidate/final-real-word files,high,none_detected_by_heuristic,needs_manual_review,real-word-template substitution; exactly one syllable modified
văn hóa ẩm thực,văn hóa ạm thực,4,3,ẩm,ạm,tone_change,no exact match in processed corpus/candidate/final-real-word files,high,none_detected_by_heuristic,needs_manual_review,real-word-template substitution; exactly one syllable modified
văn hóa ẩm thực,văn hóa ẩm thủc,4,4,thực,thủc,tone_change,no exact match in processed corpus/candidate/final-real-word files,high,none_detected_by_heuristic,needs_manual_review,real-word-template substitution; exactly one syllable modified
đánh mất lòng tin,đanh mất lòng tin,4,1,đánh,đanh,tone_change,no exact match in processed corpus/candidate/final-real-word files,high,none_detected_by_heuristic,needs_manual_review,real-word-template substitution; exactly one syllable modified
đánh mất lòng tin,đạnh mất lòng tin,4,1,đánh,đạnh,tone_change,no exact match in processed corpus/candidate/final-real-word files,high,none_detected_by_heuristic,needs_manual_review,real-word-template substitution; exactly one syllable modified
đánh mất lòng tin,đánh mảt lòng tin,4,2,mất,mảt,tone_change,no exact match in processed corpus/candidate/final-real-word files,high,none_detected_by_heuristic,needs_manual_review,real-word-template substitution; exactly one syllable modified
định kiến xã hội,địc kiến xã hội,4,1,định,địc,final_consonant_change,no exact match in processed corpus/candidate/final-real-word files,high,none_detected_by_heuristic,needs_manual_review,real-word-template substitution; exactly one syllable modified
định kiến xã hội,địm kiến xã hội,4,1,định,địm,final_consonant_change,no exact match in processed corpus/candidate/final-real-word files,high,none_detected_by_heuristic,needs_manual_review,real-word-template substitution; exactly one syllable modified
định kiến xã hội,địn kiến xã hội,4,1,định,địn,final_consonant_change,no exact match in processed corpus/candidate/final-real-word files,high,none_detected_by_heuristic,needs_manual_review,real-word-template substitution; exactly one syllable modified
cửa hàng hoa tươi,cửa hàc hoa tươi,4,2,hàng,hàc,final_consonant_change,no exact match in processed corpus/candidate/final-real-word files,high,none_detected_by_heuristic,needs_manual_review,real-word-template substitution; exactly one syllable modified
cửa hàng hoa tươi,cửa hàp hoa tươi,4,2,hàng,hàp,final_consonant_change,no exact match in processed corpus/candidate/final-real-word files,high,none_detected_by_heuristic,needs_manual_review,real-word-template substitution; exactly one syllable modified
cửa hàng hoa tươi,cửa hàt hoa tươi,4,2,hàng,hàt,final_consonant_change,no exact match in processed corpus/candidate/final-real-word files,high,none_detected_by_heuristic,needs_manual_review,real-word-template substitution; exactly one syllable modified
diễn đàn quốc tế,diễn đàn quốc té,4,4,tế,té,tone_change,no exact match in processed corpus/candidate/final-real-word files,high,none_detected_by_heuristic,needs_manual_review,real-word-template substitution; exactly one syllable modified
diễn đàn quốc tế,diễn đàn quốc tẹ,4,4,tế,tẹ,tone_change,no exact match in processed corpus/candidate/final-real-word files,high,none_detected_by_heuristic,needs_manual_review,real-word-template substitution; exactly one syllable modified
diễn đàn quốc tế,diễc đàn quốc tế,4,1,diễn,diễc,final_consonant_change,no exact match in processed corpus/candidate/final-real-word files,high,none_detected_by_heuristic,needs_manual_review,real-word-template substitution; exactly one syllable modified
nước uống thể thao,nước uống thé thao,4,3,thể,thé,tone_change,no exact match in processed corpus/candidate/final-real-word files,high,none_detected_by_heuristic,needs_manual_review,real-word-template substitution; exactly one syllable modified
nước uống thể thao,nước uống thẹ thao,4,3,thể,thẹ,tone_change,no exact match in processed corpus/candidate/final-real-word files,high,none_detected_by_heuristic,needs_manual_review,real-word-template substitution; exactly one syllable modified
nước uống thể thao,nướm uống thể thao,4,1,nước,nướm,final_consonant_change,no exact match in processed corpus/candidate/final-real-word files,high,none_detected_by_heuristic,needs_manual_review,real-word-template substitution; exactly one syllable modified
quan hệ xã hội,quan hẻ xã hội,4,2,hệ,hẻ,tone_change,no exact match in processed corpus/candidate/final-real-word files,high,none_detected_by_heuristic,needs_manual_review,real-word-template substitution; exactly one syllable modified
quan hệ xã hội,quan hế xã hội,4,2,hệ,hế,vowel_change,no exact match in processed corpus/candidate/final-real-word files,high,none_detected_by_heuristic,needs_manual_review,real-word-template substitution; exactly one syllable modified
quan hệ xã hội,quan hể xã hội,4,2,hệ,hể,vowel_change,no exact match in processed corpus/candidate/final-real-word files,high,none_detected_by_heuristic,needs_manual_review,real-word-template substitution; exactly one syllable modified
thủ công mỹ nghệ,thủ cỏng mỹ nghệ,4,2,công,cỏng,tone_change,no exact match in processed corpus/candidate/final-real-word files,high,none_detected_by_heuristic,needs_manual_review,real-word-template substitution; exactly one syllable modified
thủ công mỹ nghệ,thủ công mý nghệ,4,3,mỹ,mý,tone_change,no exact match in processed corpus/candidate/final-real-word files,high,none_detected_by_heuristic,needs_manual_review,real-word-template substitution; exactly one syllable modified
thủ công mỹ nghệ,thủ công mỵ nghệ,4,3,mỹ,mỵ,tone_change,no exact match in processed corpus/candidate/final-real-word files,high,none_detected_by_heuristic,needs_manual_review,real-word-template substitution; exactly one syllable modified
giám đốc công ty,giám đóc công ty,4,2,đốc,đóc,tone_change,no exact match in processed corpus/candidate/final-real-word files,high,none_detected_by_heuristic,needs_manual_review,real-word-template substitution; exactly one syllable modified
giám đốc công ty,giám đỏc công ty,4,2,đốc,đỏc,tone_change,no exact match in processed corpus/candidate/final-real-word files,high,none_detected_by_heuristic,needs_manual_review,real-word-template substitution; exactly one syllable modified
giám đốc công ty,giám đốc cỏng ty,4,3,công,cỏng,tone_change,no exact match in processed corpus/candidate/final-real-word files,high,none_detected_by_heuristic,needs_manual_review,real-word-template substitution; exactly one syllable modified
hoạt động xã hội,hoạc động xã hội,4,1,hoạt,hoạc,final_consonant_change,no exact match in processed corpus/candidate/final-real-word files,high,none_detected_by_heuristic,needs_manual_review,real-word-template substitution; exactly one syllable modified
hoạt động xã hội,hoạm động xã hội,4,1,hoạt,hoạm,final_consonant_change,no exact match in processed corpus/candidate/final-real-word files,high,none_detected_by_heuristic,needs_manual_review,real-word-template substitution; exactly one syllable modified
hoạt động xã hội,hoạng động xã hội,4,1,hoạt,hoạng,final_consonant_change,no exact match in processed corpus/candidate/final-real-word files,high,none_detected_by_heuristic,needs_manual_review,real-word-template substitution; exactly one syllable modified
máy xay sinh tố,máy xay sính tố,4,3,sinh,sính,tone_change,no exact match in processed corpus/candidate/final-real-word files,high,none_detected_by_heuristic,needs_manual_review,real-word-template substitution; exactly one syllable modified
máy xay sinh tố,máy xay sỉnh tố,4,3,sinh,sỉnh,tone_change,no exact match in processed corpus/candidate/final-real-word files,high,none_detected_by_heuristic,needs_manual_review,real-word-template substitution; exactly one syllable modified
máy xay sinh tố,máy xay sịnh tố,4,3,sinh,sịnh,tone_change,no exact match in processed corpus/candidate/final-real-word files,high,none_detected_by_heuristic,needs_manual_review,real-word-template substitution; exactly one syllable modified
thị trường nội địa,thị trườc nội địa,4,2,trường,trườc,final_consonant_change,no exact match in processed corpus/candidate/final-real-word files,high,none_detected_by_heuristic,needs_manual_review,real-word-template substitution; exactly one syllable modified
thị trường nội địa,thị trườm nội địa,4,2,trường,trườm,final_consonant_change,no exact match in processed corpus/candidate/final-real-word files,high,none_detected_by_heuristic,needs_manual_review,real-word-template substitution; exactly one syllable modified
thị trường nội địa,thị trườp nội địa,4,2,trường,trườp,final_consonant_change,no exact match in processed corpus/candidate/final-real-word files,high,none_detected_by_heuristic,needs_manual_review,real-word-template substitution; exactly one syllable modified
điều kiện kinh tế,điều kiện kịnh tế,4,3,kinh,kịnh,tone_change,no exact match in processed corpus/candidate/final-real-word files,high,none_detected_by_heuristic,needs_manual_review,real-word-template substitution; exactly one syllable modified
điều kiện kinh tế,điều kiện kinh té,4,4,tế,té,tone_change,no exact match in processed corpus/candidate/final-real-word files,high,none_detected_by_heuristic,needs_manual_review,real-word-template substitution; exactly one syllable modified
điều kiện kinh tế,điều kiện kinh tẹ,4,4,tế,tẹ,tone_change,no exact match in processed corpus/candidate/final-real-word files,high,none_detected_by_heuristic,needs_manual_review,real-word-template substitution; exactly one syllable modified
công nghệ thông tin,cỏng nghệ thông tin,4,1,công,cỏng,tone_change,no exact match in processed corpus/candidate/final-real-word files,high,none_detected_by_heuristic,needs_manual_review,real-word-template substitution; exactly one syllable modified
công nghệ thông tin,công nghẹ thông tin,4,2,nghệ,nghẹ,tone_change,no exact match in processed corpus/candidate/final-real-word files,high,none_detected_by_heuristic,needs_manual_review,real-word-template substitution; exactly one syllable modified
công nghệ thông tin,công nghẻ thông tin,4,2,nghệ,nghẻ,tone_change,no exact match in processed corpus/candidate/final-real-word files,high,none_detected_by_heuristic,needs_manual_review,real-word-template substitution; exactly one syllable modified
máy pha cà phê,máy phạ cà phê,4,2,pha,phạ,tone_change,no exact match in processed corpus/candidate/final-real-word files,high,none_detected_by_heuristic,needs_manual_review,real-word-template substitution; exactly one syllable modified
máy pha cà phê,máy pha cạ phê,4,3,cà,cạ,tone_change,no exact match in processed corpus/candidate/final-real-word files,high,none_detected_by_heuristic,needs_manual_review,real-word-template substitution; exactly one syllable modified
máy pha cà phê,máy pha cà phé,4,4,phê,phé,tone_change,no exact match in processed corpus/candidate/final-real-word files,high,none_detected_by_heuristic,needs_manual_review,real-word-template substitution; exactly one syllable modified
nước mắm nguyên chất,nước mám nguyên chất,4,2,mắm,mám,tone_change,no exact match in processed corpus/candidate/final-real-word files,high,none_detected_by_heuristic,needs_manual_review,real-word-template substitution; exactly one syllable modified
nước mắm nguyên chất,nước mạm nguyên chất,4,2,mắm,mạm,tone_change,no exact match in processed corpus/candidate/final-real-word files,high,none_detected_by_heuristic,needs_manual_review,real-word-template substitution; exactly one syllable modified
nước mắm nguyên chất,nước mảm nguyên chất,4,2,mắm,mảm,tone_change,no exact match in processed corpus/candidate/final-real-word files,high,none_detected_by_heuristic,needs_manual_review,real-word-template substitution; exactly one syllable modified
mối quan hệ,mối quan hẻ,3,3,hệ,hẻ,tone_change,no exact match in processed corpus/candidate/final-real-word files,high,none_detected_by_heuristic,needs_manual_review,real-word-template substitution; exactly one syllable modified
mối quan hệ,mối quan hế,3,3,hệ,hế,vowel_change,no exact match in processed corpus/candidate/final-real-word files,high,none_detected_by_heuristic,needs_manual_review,real-word-template substitution; exactly one syllable modified
mối quan hệ,mối quan hể,3,3,hệ,hể,vowel_change,no exact match in processed corpus/candidate/final-real-word files,high,none_detected_by_heuristic,needs_manual_review,real-word-template substitution; exactly one syllable modified
muỗng cà phê,muỗng cạ phê,3,2,cà,cạ,tone_change,no exact match in processed corpus/candidate/final-real-word files,high,none_detected_by_heuristic,needs_manual_review,real-word-template substitution; exactly one syllable modified
muỗng cà phê,muỗng cà phé,3,3,phê,phé,tone_change,no exact match in processed corpus/candidate/final-real-word files,high,none_detected_by_heuristic,needs_manual_review,real-word-template substitution; exactly one syllable modified
muỗng cà phê,muỗng cà phẹ,3,3,phê,phẹ,tone_change,no exact match in processed corpus/candidate/final-real-word files,high,none_detected_by_heuristic,needs_manual_review,real-word-template substitution; exactly one syllable modified
cuộc hôn nhân,cuộc hôn nhâc,3,3,nhân,nhâc,final_consonant_change,no exact match in processed corpus/candidate/final-real-word files,high,none_detected_by_heuristic,needs_manual_review,real-word-template substitution; exactly one syllable modified
cuộc hôn nhân,cuộc hôn nhâp,3,3,nhân,nhâp,final_consonant_change,no exact match in processed corpus/candidate/final-real-word files,high,none_detected_by_heuristic,needs_manual_review,real-word-template substitution; exactly one syllable modified
cuộc hôn nhân,cuộc hôn nhât,3,3,nhân,nhât,final_consonant_change,no exact match in processed corpus/candidate/final-real-word files,high,none_detected_by_heuristic,needs_manual_review,real-word-template substitution; exactly one syllable modified
câu trả lời,câu trạ lời,3,2,trả,trạ,tone_change,no exact match in processed corpus/candidate/final-real-word files,high,none_detected_by_heuristic,needs_manual_review,real-word-template substitution; exactly one syllable modified
câu trả lời,câu trâ lời,3,2,trả,trâ,vowel_change,no exact match in processed corpus/candidate/final-real-word files,high,none_detected_by_heuristic,needs_manual_review,real-word-template substitution; exactly one syllable modified
câu trả lời,câu tró lời,3,2,trả,tró,vowel_change,no exact match in processed corpus/candidate/final-real-word files,high,none_detected_by_heuristic,needs_manual_review,real-word-template substitution; exactly one syllable modified
khoảng thời gian,khoảc thời gian,3,1,khoảng,khoảc,final_consonant_change,no exact match in processed corpus/candidate/final-real-word files,high,none_detected_by_heuristic,needs_manual_review,real-word-template substitution; exactly one syllable modified
khoảng thời gian,khoảm thời gian,3,1,khoảng,khoảm,final_consonant_change,no exact match in processed corpus/candidate/final-real-word files,high,none_detected_by_heuristic,needs_manual_review,real-word-template substitution; exactly one syllable modified
khoảng thời gian,khoảp thời gian,3,1,khoảng,khoảp,final_consonant_change,no exact match in processed corpus/candidate/final-real-word files,high,none_detected_by_heuristic,needs_manual_review,real-word-template substitution; exactly one syllable modified
kiến trúc sư,kiến trủc sư,3,2,trúc,trủc,tone_change,no exact match in processed corpus/candidate/final-real-word files,high,none_detected_by_heuristic,needs_manual_review,real-word-template substitution; exactly one syllable modified
kiến trúc sư,kiến trúc sủ,3,3,sư,sủ,tone_change,no exact match in processed corpus/candidate/final-real-word files,high,none_detected_by_heuristic,needs_manual_review,real-word-template substitution; exactly one syllable modified
kiến trúc sư,kiếc trúc sư,3,1,kiến,kiếc,final_consonant_change,no exact match in processed corpus/candidate/final-real-word files,high,none_detected_by_heuristic,needs_manual_review,real-word-template substitution; exactly one syllable modified
lòng tự trọng,lòng tự tróng,3,3,trọng,tróng,tone_change,no exact match in processed corpus/candidate/final-real-word files,high,none_detected_by_heuristic,needs_manual_review,real-word-template substitution; exactly one syllable modified
lòng tự trọng,lòng tự trỏng,3,3,trọng,trỏng,tone_change,no exact match in processed corpus/candidate/final-real-word files,high,none_detected_by_heuristic,needs_manual_review,real-word-template substitution; exactly one syllable modified
lòng tự trọng,lòc tự trọng,3,1,lòng,lòc,final_consonant_change,no exact match in processed corpus/candidate/final-real-word files,high,none_detected_by_heuristic,needs_manual_review,real-word-template substitution; exactly one syllable modified
hình chữ nhật,hính chữ nhật,3,1,hình,hính,tone_change,no exact match in processed corpus/candidate/final-real-word files,high,none_detected_by_heuristic,needs_manual_review,real-word-template substitution; exactly one syllable modified
hình chữ nhật,hịnh chữ nhật,3,1,hình,hịnh,tone_change,no exact match in processed corpus/candidate/final-real-word files,high,none_detected_by_heuristic,needs_manual_review,real-word-template substitution; exactly one syllable modified
hình chữ nhật,hình chụ nhật,3,2,chữ,chụ,tone_change,no exact match in processed corpus/candidate/final-real-word files,high,none_detected_by_heuristic,needs_manual_review,real-word-template substitution; exactly one syllable modified
đồ nội thất,đọ nội thất,3,1,đồ,đọ,tone_change,no exact match in processed corpus/candidate/final-real-word files,high,none_detected_by_heuristic,needs_manual_review,real-word-template substitution; exactly one syllable modified
đồ nội thất,đồ nội thạt,3,3,thất,thạt,tone_change,no exact match in processed corpus/candidate/final-real-word files,high,none_detected_by_heuristic,needs_manual_review,real-word-template substitution; exactly one syllable modified
đồ nội thất,đồ nội thảt,3,3,thất,thảt,tone_change,no exact match in processed corpus/candidate/final-real-word files,high,none_detected_by_heuristic,needs_manual_review,real-word-template substitution; exactly one syllable modified
nồi áp suất,nồi ạp suất,3,2,áp,ạp,tone_change,no exact match in processed corpus/candidate/final-real-word files,high,none_detected_by_heuristic,needs_manual_review,real-word-template substitution; exactly one syllable modified
nồi áp suất,nồi ảp suất,3,2,áp,ảp,tone_change,no exact match in processed corpus/candidate/final-real-word files,high,none_detected_by_heuristic,needs_manual_review,real-word-template substitution; exactly one syllable modified
nồi áp suất,nồi áng suất,3,2,áp,áng,final_consonant_change,no exact match in processed corpus/candidate/final-real-word files,high,none_detected_by_heuristic,needs_manual_review,real-word-template substitution; exactly one syllable modified
chuyện tình cảm,chuyệc tình cảm,3,1,chuyện,chuyệc,final_consonant_change,no exact match in processed corpus/candidate/final-real-word files,high,none_detected_by_heuristic,needs_manual_review,real-word-template substitution; exactly one syllable modified
chuyện tình cảm,chuyệm tình cảm,3,1,chuyện,chuyệm,final_consonant_change,no exact match in processed corpus/candidate/final-real-word files,high,none_detected_by_heuristic,needs_manual_review,real-word-template substitution; exactly one syllable modified
chuyện tình cảm,chuyệng tình cảm,3,1,chuyện,chuyệng,final_consonant_change,no exact match in processed corpus/candidate/final-real-word files,high,none_detected_by_heuristic,needs_manual_review,real-word-template substitution; exactly one syllable modified
mối tình đầu,mối tình khầu,3,3,đầu,khầu,onset_change,no exact match in processed corpus/candidate/final-real-word files,medium,none_detected_by_heuristic,needs_manual_review,real-word-template substitution; exactly one syllable modified
mối tình đầu,mối tình nhầu,3,3,đầu,nhầu,onset_change,no exact match in processed corpus/candidate/final-real-word files,medium,none_detected_by_heuristic,needs_manual_review,real-word-template substitution; exactly one syllable modified
mối tình đầu,mối tình nầu,3,3,đầu,nầu,onset_change,no exact match in processed corpus/candidate/final-real-word files,medium,none_detected_by_heuristic,needs_manual_review,real-word-template substitution; exactly one syllable modified
cách cư xử,cạch cư xử,3,1,cách,cạch,tone_change,no exact match in processed corpus/candidate/final-real-word files,high,none_detected_by_heuristic,needs_manual_review,real-word-template substitution; exactly one syllable modified
cách cư xử,cảch cư xử,3,1,cách,cảch,tone_change,no exact match in processed corpus/candidate/final-real-word files,high,none_detected_by_heuristic,needs_manual_review,real-word-template substitution; exactly one syllable modified
cách cư xử,cách cư xụ,3,3,xử,xụ,tone_change,no exact match in processed corpus/candidate/final-real-word files,high,none_detected_by_heuristic,needs_manual_review,real-word-template substitution; exactly one syllable modified
quán cà phê,quán cạ phê,3,2,cà,cạ,tone_change,no exact match in processed corpus/candidate/final-real-word files,high,none_detected_by_heuristic,needs_manual_review,real-word-template substitution; exactly one syllable modified
quán cà phê,quán cà phé,3,3,phê,phé,tone_change,no exact match in processed corpus/candidate/final-real-word files,high,none_detected_by_heuristic,needs_manual_review,real-word-template substitution; exactly one syllable modified
quán cà phê,quán cà phẹ,3,3,phê,phẹ,tone_change,no exact match in processed corpus/candidate/final-real-word files,high,none_detected_by_heuristic,needs_manual_review,real-word-template substitution; exactly one syllable modified
sức hấp dẫn,sủc hấp dẫn,3,1,sức,sủc,tone_change,no exact match in processed corpus/candidate/final-real-word files,high,none_detected_by_heuristic,needs_manual_review,real-word-template substitution; exactly one syllable modified
sức hấp dẫn,sức háp dẫn,3,2,hấp,háp,tone_change,no exact match in processed corpus/candidate/final-real-word files,high,none_detected_by_heuristic,needs_manual_review,real-word-template substitution; exactly one syllable modified
sức hấp dẫn,sức hảp dẫn,3,2,hấp,hảp,tone_change,no exact match in processed corpus/candidate/final-real-word files,high,none_detected_by_heuristic,needs_manual_review,real-word-template substitution; exactly one syllable modified
cá thác lác,cạ thác lác,3,1,cá,cạ,tone_change,no exact match in processed corpus/candidate/final-real-word files,high,none_detected_by_heuristic,needs_manual_review,real-word-template substitution; exactly one syllable modified
cá thác lác,cá thảc lác,3,2,thác,thảc,tone_change,no exact match in processed corpus/candidate/final-real-word files,high,none_detected_by_heuristic,needs_manual_review,real-word-template substitution; exactly one syllable modified
cá thác lác,cá thác lảc,3,3,lác,lảc,tone_change,no exact match in processed corpus/candidate/final-real-word files,high,none_detected_by_heuristic,needs_manual_review,real-word-template substitution; exactly one syllable modified
dây ruy băng,dây ruy bạng,3,3,băng,bạng,tone_change,no exact match in processed corpus/candidate/final-real-word files,high,none_detected_by_heuristic,needs_manual_review,real-word-template substitution; exactly one syllable modified
dây ruy băng,dây ruy băc,3,3,băng,băc,final_consonant_change,no exact match in processed corpus/candidate/final-real-word files,high,none_detected_by_heuristic,needs_manual_review,real-word-template substitution; exactly one syllable modified
dây ruy băng,dây ruy băp,3,3,băng,băp,final_consonant_change,no exact match in processed corpus/candidate/final-real-word files,high,none_detected_by_heuristic,needs_manual_review,real-word-template substitution; exactly one syllable modified
lá đinh lăng,lá đic lăng,3,2,đinh,đic,final_consonant_change,no exact match in processed corpus/candidate/final-real-word files,high,none_detected_by_heuristic,needs_manual_review,real-word-template substitution; exactly one syllable modified
lá đinh lăng,lá đim lăng,3,2,đinh,đim,final_consonant_change,no exact match in processed corpus/candidate/final-real-word files,high,none_detected_by_heuristic,needs_manual_review,real-word-template substitution; exactly one syllable modified
lá đinh lăng,lá đin lăng,3,2,đinh,đin,final_consonant_change,no exact match in processed corpus/candidate/final-real-word files,high,none_detected_by_heuristic,needs_manual_review,real-word-template substitution; exactly one syllable modified
niềm hạnh phúc,niềm hạm phúc,3,2,hạnh,hạm,final_consonant_change,no exact match in processed corpus/candidate/final-real-word files,high,none_detected_by_heuristic,needs_manual_review,real-word-template substitution; exactly one syllable modified
niềm hạnh phúc,niềm hónh phúc,3,2,hạnh,hónh,vowel_change,no exact match in processed corpus/candidate/final-real-word files,high,none_detected_by_heuristic,needs_manual_review,real-word-template substitution; exactly one syllable modified
niềm hạnh phúc,niềm hỏnh phúc,3,2,hạnh,hỏnh,vowel_change,no exact match in processed corpus/candidate/final-real-word files,high,none_detected_by_heuristic,needs_manual_review,real-word-template substitution; exactly one syllable modified
hạnh phúc gia đình,hạm phúc gia đình,4,1,hạnh,hạm,final_consonant_change,no exact match in processed corpus/candidate/final-real-word files,high,none_detected_by_heuristic,needs_manual_review,real-word-template substitution; exactly one syllable modified
hạnh phúc gia đình,hónh phúc gia đình,4,1,hạnh,hónh,vowel_change,no exact match in processed corpus/candidate/final-real-word files,high,none_detected_by_heuristic,needs_manual_review,real-word-template substitution; exactly one syllable modified
hạnh phúc gia đình,hỏnh phúc gia đình,4,1,hạnh,hỏnh,vowel_change,no exact match in processed corpus/candidate/final-real-word files,high,none_detected_by_heuristic,needs_manual_review,real-word-template substitution; exactly one syllable modified
cuộc sống gia đình,cuộc sọng gia đình,4,2,sống,sọng,tone_change,no exact match in processed corpus/candidate/final-real-word files,high,none_detected_by_heuristic,needs_manual_review,real-word-template substitution; exactly one syllable modified
cuộc sống gia đình,cuộc sỏng gia đình,4,2,sống,sỏng,tone_change,no exact match in processed corpus/candidate/final-real-word files,high,none_detected_by_heuristic,needs_manual_review,real-word-template substitution; exactly one syllable modified
cuộc sống gia đình,cuộm sống gia đình,4,1,cuộc,cuộm,final_consonant_change,no exact match in processed corpus/candidate/final-real-word files,high,none_detected_by_heuristic,needs_manual_review,real-word-template substitution; exactly one syllable modified
điện thoại di động,điện thoại dỉ động,4,3,di,dỉ,tone_change,no exact match in processed corpus/candidate/final-real-word files,high,none_detected_by_heuristic,needs_manual_review,real-word-template substitution; exactly one syllable modified
điện thoại di động,điệc thoại di động,4,1,điện,điệc,final_consonant_change,no exact match in processed corpus/candidate/final-real-word files,high,none_detected_by_heuristic,needs_manual_review,real-word-template substitution; exactly one syllable modified
điện thoại di động,điệm thoại di động,4,1,điện,điệm,final_consonant_change,no exact match in processed corpus/candidate/final-real-word files,high,none_detected_by_heuristic,needs_manual_review,real-word-template substitution; exactly one syllable modified
trình độ học vấn,trính độ học vấn,4,1,trình,trính,tone_change,no exact match in processed corpus/candidate/final-real-word files,high,none_detected_by_heuristic,needs_manual_review,real-word-template substitution; exactly one syllable modified
trình độ học vấn,trỉnh độ học vấn,4,1,trình,trỉnh,tone_change,no exact match in processed corpus/candidate/final-real-word files,high,none_detected_by_heuristic,needs_manual_review,real-word-template substitution; exactly one syllable modified
trình độ học vấn,trình đọ học vấn,4,2,độ,đọ,tone_change,no exact match in processed corpus/candidate/final-real-word files,high,none_detected_by_heuristic,needs_manual_review,real-word-template substitution; exactly one syllable modified
quan hệ vợ chồng,quan hẻ vợ chồng,4,2,hệ,hẻ,tone_change,no exact match in processed corpus/candidate/final-real-word files,high,none_detected_by_heuristic,needs_manual_review,real-word-template substitution; exactly one syllable modified
quan hệ vợ chồng,quan hệ vọ chồng,4,3,vợ,vọ,tone_change,no exact match in processed corpus/candidate/final-real-word files,high,none_detected_by_heuristic,needs_manual_review,real-word-template substitution; exactly one syllable modified
quan hệ vợ chồng,quan hệ vợ chọng,4,4,chồng,chọng,tone_change,no exact match in processed corpus/candidate/final-real-word files,high,none_detected_by_heuristic,needs_manual_review,real-word-template substitution; exactly one syllable modified
tình yêu đích thực,tình yêu đich thực,4,3,đích,đich,tone_change,no exact match in processed corpus/candidate/final-real-word files,high,none_detected_by_heuristic,needs_manual_review,real-word-template substitution; exactly one syllable modified
tình yêu đích thực,tình yêu đỉch thực,4,3,đích,đỉch,tone_change,no exact match in processed corpus/candidate/final-real-word files,high,none_detected_by_heuristic,needs_manual_review,real-word-template substitution; exactly one syllable modified
tình yêu đích thực,tình yêu đích thủc,4,4,thực,thủc,tone_change,no exact match in processed corpus/candidate/final-real-word files,high,none_detected_by_heuristic,needs_manual_review,real-word-template substitution; exactly one syllable modified
mái ấm gia đình,mái ạm gia đình,4,2,ấm,ạm,tone_change,no exact match in processed corpus/candidate/final-real-word files,high,none_detected_by_heuristic,needs_manual_review,real-word-template substitution; exactly one syllable modified
mái ấm gia đình,mái ấc gia đình,4,2,ấm,ấc,final_consonant_change,no exact match in processed corpus/candidate/final-real-word files,high,none_detected_by_heuristic,needs_manual_review,real-word-template substitution; exactly one syllable modified
mái ấm gia đình,mái ấng gia đình,4,2,ấm,ấng,final_consonant_change,no exact match in processed corpus/candidate/final-real-word files,high,none_detected_by_heuristic,needs_manual_review,real-word-template substitution; exactly one syllable modified
thực phẩm chế biến,thủc phẩm chế biến,4,1,thực,thủc,tone_change,no exact match in processed corpus/candidate/final-real-word files,high,none_detected_by_heuristic,needs_manual_review,real-word-template substitution; exactly one syllable modified
thực phẩm chế biến,thực phám chế biến,4,2,phẩm,phám,tone_change,no exact match in processed corpus/candidate/final-real-word files,high,none_detected_by_heuristic,needs_manual_review,real-word-template substitution; exactly one syllable modified
thực phẩm chế biến,thực phẩm ché biến,4,3,chế,ché,tone_change,no exact match in processed corpus/candidate/final-real-word files,high,none_detected_by_heuristic,needs_manual_review,real-word-template substitution; exactly one syllable modified
mẹ chồng nàng dâu,mẹ chồng nàng giâu,4,4,dâu,giâu,onset_change,no exact match in processed corpus/candidate/final-real-word files,medium,none_detected_by_heuristic,needs_manual_review,real-word-template substitution; exactly one syllable modified
mẹ chồng nàng dâu,mẹ chồng nàng gâu,4,4,dâu,gâu,onset_change,no exact match in processed corpus/candidate/final-real-word files,medium,none_detected_by_heuristic,needs_manual_review,real-word-template substitution; exactly one syllable modified
mẹ chồng nàng dâu,mẹ chồng nàng hâu,4,4,dâu,hâu,onset_change,no exact match in processed corpus/candidate/final-real-word files,medium,none_detected_by_heuristic,needs_manual_review,real-word-template substitution; exactly one syllable modified
chuyên viên tư vấn,chuyên viên tư vản,4,4,vấn,vản,tone_change,no exact match in processed corpus/candidate/final-real-word files,high,none_detected_by_heuristic,needs_manual_review,real-word-template substitution; exactly one syllable modified
chuyên viên tư vấn,chuyêc viên tư vấn,4,1,chuyên,chuyêc,final_consonant_change,no exact match in processed corpus/candidate/final-real-word files,high,none_detected_by_heuristic,needs_manual_review,real-word-template substitution; exactly one syllable modified
chuyên viên tư vấn,chuyêm viên tư vấn,4,1,chuyên,chuyêm,final_consonant_change,no exact match in processed corpus/candidate/final-real-word files,high,none_detected_by_heuristic,needs_manual_review,real-word-template substitution; exactly one syllable modified
