pseudoword,syllable_length,source_method,pronounceability_note,corpus_match_status,review_status,notes
cụch,1,curated_vietnamese_safe_rime_recombination_v1,Vietnamese-marked simple orthographic syllable pattern passed; requires manual/native-speaker review,"no exact match in processed frequency, real-word, or candidate files",needs_manual_review,candidate pool only; not final stimulus item
nghỉc,1,curated_vietnamese_safe_rime_recombination_v1,Vietnamese-marked simple orthographic syllable pattern passed; requires manual/native-speaker review,"no exact match in processed frequency, real-word, or candidate files",needs_manual_review,candidate pool only; not final stimulus item
quỏ,1,curated_vietnamese_safe_rime_recombination_v1,Vietnamese-marked simple orthographic syllable pattern passed; requires manual/native-speaker review,"no exact match in processed frequency, real-word, or candidate files",needs_manual_review,candidate pool only; not final stimulus item
ghẹt,1,curated_vietnamese_safe_rime_recombination_v1,Vietnamese-marked simple orthographic syllable pattern passed; requires manual/native-speaker review,"no exact match in processed frequency, real-word, or candidate files",needs_manual_review,candidate pool only; not final stimulus item
phệc,1,curated_vietnamese_safe_rime_recombination_v1,Vietnamese-marked simple orthographic syllable pattern passed; requires manual/native-speaker review,"no exact match in processed frequency, real-word, or candidate files",needs_manual_review,candidate pool only; not final stimulus item
cụnh,1,curated_vietnamese_safe_rime_recombination_v1,Vietnamese-marked simple orthographic syllable pattern passed; requires manual/native-speaker review,"no exact match in processed frequency, real-word, or candidate files",needs_manual_review,candidate pool only; not final stimulus item
gụn,1,curated_vietnamese_safe_rime_recombination_v1,Vietnamese-marked simple orthographic syllable pattern passed; requires manual/native-speaker review,"no exact match in processed frequency, real-word, or candidate files",needs_manual_review,candidate pool only; not final stimulus item
ghíp,1,curated_vietnamese_safe_rime_recombination_v1,Vietnamese-marked simple orthographic syllable pattern passed; requires manual/native-speaker review,"no exact match in processed frequency, real-word, or candidate files",needs_manual_review,candidate pool only; not final stimulus item
thấng,1,curated_vietnamese_safe_rime_recombination_v1,Vietnamese-marked simple orthographic syllable pattern passed; requires manual/native-speaker review,"no exact match in processed frequency, real-word, or candidate files",needs_manual_review,candidate pool only; not final stimulus item
lổp,1,curated_vietnamese_safe_rime_recombination_v1,Vietnamese-marked simple orthographic syllable pattern passed; requires manual/native-speaker review,"no exact match in processed frequency, real-word, or candidate files",needs_manual_review,candidate pool only; not final stimulus item
phẩt,1,curated_vietnamese_safe_rime_recombination_v1,Vietnamese-marked simple orthographic syllable pattern passed; requires manual/native-speaker review,"no exact match in processed frequency, real-word, or candidate files",needs_manual_review,candidate pool only; not final stimulus item
xửm,1,curated_vietnamese_safe_rime_recombination_v1,Vietnamese-marked simple orthographic syllable pattern passed; requires manual/native-speaker review,"no exact match in processed frequency, real-word, or candidate files",needs_manual_review,candidate pool only; not final stimulus item
quíp,1,curated_vietnamese_safe_rime_recombination_v1,Vietnamese-marked simple orthographic syllable pattern passed; requires manual/native-speaker review,"no exact match in processed frequency, real-word, or candidate files",needs_manual_review,candidate pool only; not final stimulus item
văt,1,curated_vietnamese_safe_rime_recombination_v1,Vietnamese-marked simple orthographic syllable pattern passed; requires manual/native-speaker review,"no exact match in processed frequency, real-word, or candidate files",needs_manual_review,candidate pool only; not final stimulus item
quựn,1,curated_vietnamese_safe_rime_recombination_v1,Vietnamese-marked simple orthographic syllable pattern passed; requires manual/native-speaker review,"no exact match in processed frequency, real-word, or candidate files",needs_manual_review,candidate pool only; not final stimulus item
héc,1,curated_vietnamese_safe_rime_recombination_v1,Vietnamese-marked simple orthographic syllable pattern passed; requires manual/native-speaker review,"no exact match in processed frequency, real-word, or candidate files",needs_manual_review,candidate pool only; not final stimulus item
giặn,1,curated_vietnamese_safe_rime_recombination_v1,Vietnamese-marked simple orthographic syllable pattern passed; requires manual/native-speaker review,"no exact match in processed frequency, real-word, or candidate files",needs_manual_review,candidate pool only; not final stimulus item
thăp,1,curated_vietnamese_safe_rime_recombination_v1,Vietnamese-marked simple orthographic syllable pattern passed; requires manual/native-speaker review,"no exact match in processed frequency, real-word, or candidate files",needs_manual_review,candidate pool only; not final stimulus item
sém,1,curated_vietnamese_safe_rime_recombination_v1,Vietnamese-marked simple orthographic syllable pattern passed; requires manual/native-speaker review,"no exact match in processed frequency, real-word, or candidate files",needs_manual_review,candidate pool only; not final stimulus item
vảm,1,curated_vietnamese_safe_rime_recombination_v1,Vietnamese-marked simple orthographic syllable pattern passed; requires manual/native-speaker review,"no exact match in processed frequency, real-word, or candidate files",needs_manual_review,candidate pool only; not final stimulus item
phắt,1,curated_vietnamese_safe_rime_recombination_v1,Vietnamese-marked simple orthographic syllable pattern passed; requires manual/native-speaker review,"no exact match in processed frequency, real-word, or candidate files",needs_manual_review,candidate pool only; not final stimulus item
nhởm,1,curated_vietnamese_safe_rime_recombination_v1,Vietnamese-marked simple orthographic syllable pattern passed; requires manual/native-speaker review,"no exact match in processed frequency, real-word, or candidate files",needs_manual_review,candidate pool only; not final stimulus item
bậnh,1,curated_vietnamese_safe_rime_recombination_v1,Vietnamese-marked simple orthographic syllable pattern passed; requires manual/native-speaker review,"no exact match in processed frequency, real-word, or candidate files",needs_manual_review,candidate pool only; not final stimulus item
xớn,1,curated_vietnamese_safe_rime_recombination_v1,Vietnamese-marked simple orthographic syllable pattern passed; requires manual/native-speaker review,"no exact match in processed frequency, real-word, or candidate files",needs_manual_review,candidate pool only; not final stimulus item
nhôn,1,curated_vietnamese_safe_rime_recombination_v1,Vietnamese-marked simple orthographic syllable pattern passed; requires manual/native-speaker review,"no exact match in processed frequency, real-word, or candidate files",needs_manual_review,candidate pool only; not final stimulus item
giýn,1,curated_vietnamese_safe_rime_recombination_v1,Vietnamese-marked simple orthographic syllable pattern passed; requires manual/native-speaker review,"no exact match in processed frequency, real-word, or candidate files",needs_manual_review,candidate pool only; not final stimulus item
ẩng,1,curated_vietnamese_safe_rime_recombination_v1,Vietnamese-marked simple orthographic syllable pattern passed; requires manual/native-speaker review,"no exact match in processed frequency, real-word, or candidate files",needs_manual_review,candidate pool only; not final stimulus item
kỉc,1,curated_vietnamese_safe_rime_recombination_v1,Vietnamese-marked simple orthographic syllable pattern passed; requires manual/native-speaker review,"no exact match in processed frequency, real-word, or candidate files",needs_manual_review,candidate pool only; not final stimulus item
giúch,1,curated_vietnamese_safe_rime_recombination_v1,Vietnamese-marked simple orthographic syllable pattern passed; requires manual/native-speaker review,"no exact match in processed frequency, real-word, or candidate files",needs_manual_review,candidate pool only; not final stimulus item
dẳp,1,curated_vietnamese_safe_rime_recombination_v1,Vietnamese-marked simple orthographic syllable pattern passed; requires manual/native-speaker review,"no exact match in processed frequency, real-word, or candidate files",needs_manual_review,candidate pool only; not final stimulus item
quủn,1,curated_vietnamese_safe_rime_recombination_v1,Vietnamese-marked simple orthographic syllable pattern passed; requires manual/native-speaker review,"no exact match in processed frequency, real-word, or candidate files",needs_manual_review,candidate pool only; not final stimulus item
nợp,1,curated_vietnamese_safe_rime_recombination_v1,Vietnamese-marked simple orthographic syllable pattern passed; requires manual/native-speaker review,"no exact match in processed frequency, real-word, or candidate files",needs_manual_review,candidate pool only; not final stimulus item
rểt,1,curated_vietnamese_safe_rime_recombination_v1,Vietnamese-marked simple orthographic syllable pattern passed; requires manual/native-speaker review,"no exact match in processed frequency, real-word, or candidate files",needs_manual_review,candidate pool only; not final stimulus item
bốp,1,curated_vietnamese_safe_rime_recombination_v1,Vietnamese-marked simple orthographic syllable pattern passed; requires manual/native-speaker review,"no exact match in processed frequency, real-word, or candidate files",needs_manual_review,candidate pool only; not final stimulus item
tịn,1,curated_vietnamese_safe_rime_recombination_v1,Vietnamese-marked simple orthographic syllable pattern passed; requires manual/native-speaker review,"no exact match in processed frequency, real-word, or candidate files",needs_manual_review,candidate pool only; not final stimulus item
trổn,1,curated_vietnamese_safe_rime_recombination_v1,Vietnamese-marked simple orthographic syllable pattern passed; requires manual/native-speaker review,"no exact match in processed frequency, real-word, or candidate files",needs_manual_review,candidate pool only; not final stimulus item
trạo,1,curated_vietnamese_safe_rime_recombination_v1,Vietnamese-marked simple orthographic syllable pattern passed; requires manual/native-speaker review,"no exact match in processed frequency, real-word, or candidate files",needs_manual_review,candidate pool only; not final stimulus item
dôt,1,curated_vietnamese_safe_rime_recombination_v1,Vietnamese-marked simple orthographic syllable pattern passed; requires manual/native-speaker review,"no exact match in processed frequency, real-word, or candidate files",needs_manual_review,candidate pool only; not final stimulus item
nọm,1,curated_vietnamese_safe_rime_recombination_v1,Vietnamese-marked simple orthographic syllable pattern passed; requires manual/native-speaker review,"no exact match in processed frequency, real-word, or candidate files",needs_manual_review,candidate pool only; not final stimulus item
sủ,1,curated_vietnamese_safe_rime_recombination_v1,Vietnamese-marked simple orthographic syllable pattern passed; requires manual/native-speaker review,"no exact match in processed frequency, real-word, or candidate files",needs_manual_review,candidate pool only; not final stimulus item
phệm,1,curated_vietnamese_safe_rime_recombination_v1,Vietnamese-marked simple orthographic syllable pattern passed; requires manual/native-speaker review,"no exact match in processed frequency, real-word, or candidate files",needs_manual_review,candidate pool only; not final stimulus item
thửnh,1,curated_vietnamese_safe_rime_recombination_v1,Vietnamese-marked simple orthographic syllable pattern passed; requires manual/native-speaker review,"no exact match in processed frequency, real-word, or candidate files",needs_manual_review,candidate pool only; not final stimulus item
gử,1,curated_vietnamese_safe_rime_recombination_v1,Vietnamese-marked simple orthographic syllable pattern passed; requires manual/native-speaker review,"no exact match in processed frequency, real-word, or candidate files",needs_manual_review,candidate pool only; not final stimulus item
bấp,1,curated_vietnamese_safe_rime_recombination_v1,Vietnamese-marked simple orthographic syllable pattern passed; requires manual/native-speaker review,"no exact match in processed frequency, real-word, or candidate files",needs_manual_review,candidate pool only; not final stimulus item
quônh,1,curated_vietnamese_safe_rime_recombination_v1,Vietnamese-marked simple orthographic syllable pattern passed; requires manual/native-speaker review,"no exact match in processed frequency, real-word, or candidate files",needs_manual_review,candidate pool only; not final stimulus item
xưn,1,curated_vietnamese_safe_rime_recombination_v1,Vietnamese-marked simple orthographic syllable pattern passed; requires manual/native-speaker review,"no exact match in processed frequency, real-word, or candidate files",needs_manual_review,candidate pool only; not final stimulus item
mẻn,1,curated_vietnamese_safe_rime_recombination_v1,Vietnamese-marked simple orthographic syllable pattern passed; requires manual/native-speaker review,"no exact match in processed frequency, real-word, or candidate files",needs_manual_review,candidate pool only; not final stimulus item
ngứm,1,curated_vietnamese_safe_rime_recombination_v1,Vietnamese-marked simple orthographic syllable pattern passed; requires manual/native-speaker review,"no exact match in processed frequency, real-word, or candidate files",needs_manual_review,candidate pool only; not final stimulus item
ngểc,1,curated_vietnamese_safe_rime_recombination_v1,Vietnamese-marked simple orthographic syllable pattern passed; requires manual/native-speaker review,"no exact match in processed frequency, real-word, or candidate files",needs_manual_review,candidate pool only; not final stimulus item
nhệp,1,curated_vietnamese_safe_rime_recombination_v1,Vietnamese-marked simple orthographic syllable pattern passed; requires manual/native-speaker review,"no exact match in processed frequency, real-word, or candidate files",needs_manual_review,candidate pool only; not final stimulus item
bổnh,1,curated_vietnamese_safe_rime_recombination_v1,Vietnamese-marked simple orthographic syllable pattern passed; requires manual/native-speaker review,"no exact match in processed frequency, real-word, or candidate files",needs_manual_review,candidate pool only; not final stimulus item
sứp,1,curated_vietnamese_safe_rime_recombination_v1,Vietnamese-marked simple orthographic syllable pattern passed; requires manual/native-speaker review,"no exact match in processed frequency, real-word, or candidate files",needs_manual_review,candidate pool only; not final stimulus item
quỏnh,1,curated_vietnamese_safe_rime_recombination_v1,Vietnamese-marked simple orthographic syllable pattern passed; requires manual/native-speaker review,"no exact match in processed frequency, real-word, or candidate files",needs_manual_review,candidate pool only; not final stimulus item
sụnh,1,curated_vietnamese_safe_rime_recombination_v1,Vietnamese-marked simple orthographic syllable pattern passed; requires manual/native-speaker review,"no exact match in processed frequency, real-word, or candidate files",needs_manual_review,candidate pool only; not final stimulus item
nỉt,1,curated_vietnamese_safe_rime_recombination_v1,Vietnamese-marked simple orthographic syllable pattern passed; requires manual/native-speaker review,"no exact match in processed frequency, real-word, or candidate files",needs_manual_review,candidate pool only; not final stimulus item
giốch,1,curated_vietnamese_safe_rime_recombination_v1,Vietnamese-marked simple orthographic syllable pattern passed; requires manual/native-speaker review,"no exact match in processed frequency, real-word, or candidate files",needs_manual_review,candidate pool only; not final stimulus item
dáo,1,curated_vietnamese_safe_rime_recombination_v1,Vietnamese-marked simple orthographic syllable pattern passed; requires manual/native-speaker review,"no exact match in processed frequency, real-word, or candidate files",needs_manual_review,candidate pool only; not final stimulus item
mẻc,1,curated_vietnamese_safe_rime_recombination_v1,Vietnamese-marked simple orthographic syllable pattern passed; requires manual/native-speaker review,"no exact match in processed frequency, real-word, or candidate files",needs_manual_review,candidate pool only; not final stimulus item
trểch,1,curated_vietnamese_safe_rime_recombination_v1,Vietnamese-marked simple orthographic syllable pattern passed; requires manual/native-speaker review,"no exact match in processed frequency, real-word, or candidate files",needs_manual_review,candidate pool only; not final stimulus item
cộp,1,curated_vietnamese_safe_rime_recombination_v1,Vietnamese-marked simple orthographic syllable pattern passed; requires manual/native-speaker review,"no exact match in processed frequency, real-word, or candidate files",needs_manual_review,candidate pool only; not final stimulus item
trơt,1,curated_vietnamese_safe_rime_recombination_v1,Vietnamese-marked simple orthographic syllable pattern passed; requires manual/native-speaker review,"no exact match in processed frequency, real-word, or candidate files",needs_manual_review,candidate pool only; not final stimulus item
giỷp,1,curated_vietnamese_safe_rime_recombination_v1,Vietnamese-marked simple orthographic syllable pattern passed; requires manual/native-speaker review,"no exact match in processed frequency, real-word, or candidate files",needs_manual_review,candidate pool only; not final stimulus item
hẳp,1,curated_vietnamese_safe_rime_recombination_v1,Vietnamese-marked simple orthographic syllable pattern passed; requires manual/native-speaker review,"no exact match in processed frequency, real-word, or candidate files",needs_manual_review,candidate pool only; not final stimulus item
giôm,1,curated_vietnamese_safe_rime_recombination_v1,Vietnamese-marked simple orthographic syllable pattern passed; requires manual/native-speaker review,"no exact match in processed frequency, real-word, or candidate files",needs_manual_review,candidate pool only; not final stimulus item
trạ,1,curated_vietnamese_safe_rime_recombination_v1,Vietnamese-marked simple orthographic syllable pattern passed; requires manual/native-speaker review,"no exact match in processed frequency, real-word, or candidate files",needs_manual_review,candidate pool only; not final stimulus item
cổm,1,curated_vietnamese_safe_rime_recombination_v1,Vietnamese-marked simple orthographic syllable pattern passed; requires manual/native-speaker review,"no exact match in processed frequency, real-word, or candidate files",needs_manual_review,candidate pool only; not final stimulus item
rấnh,1,curated_vietnamese_safe_rime_recombination_v1,Vietnamese-marked simple orthographic syllable pattern passed; requires manual/native-speaker review,"no exact match in processed frequency, real-word, or candidate files",needs_manual_review,candidate pool only; not final stimulus item
vợnh,1,curated_vietnamese_safe_rime_recombination_v1,Vietnamese-marked simple orthographic syllable pattern passed; requires manual/native-speaker review,"no exact match in processed frequency, real-word, or candidate files",needs_manual_review,candidate pool only; not final stimulus item
quụn,1,curated_vietnamese_safe_rime_recombination_v1,Vietnamese-marked simple orthographic syllable pattern passed; requires manual/native-speaker review,"no exact match in processed frequency, real-word, or candidate files",needs_manual_review,candidate pool only; not final stimulus item
ngậch,1,curated_vietnamese_safe_rime_recombination_v1,Vietnamese-marked simple orthographic syllable pattern passed; requires manual/native-speaker review,"no exact match in processed frequency, real-word, or candidate files",needs_manual_review,candidate pool only; not final stimulus item
xỷch,1,curated_vietnamese_safe_rime_recombination_v1,Vietnamese-marked simple orthographic syllable pattern passed; requires manual/native-speaker review,"no exact match in processed frequency, real-word, or candidate files",needs_manual_review,candidate pool only; not final stimulus item
quẹch,1,curated_vietnamese_safe_rime_recombination_v1,Vietnamese-marked simple orthographic syllable pattern passed; requires manual/native-speaker review,"no exact match in processed frequency, real-word, or candidate files",needs_manual_review,candidate pool only; not final stimulus item
ính,1,curated_vietnamese_safe_rime_recombination_v1,Vietnamese-marked simple orthographic syllable pattern passed; requires manual/native-speaker review,"no exact match in processed frequency, real-word, or candidate files",needs_manual_review,candidate pool only; not final stimulus item
cợ,1,curated_vietnamese_safe_rime_recombination_v1,Vietnamese-marked simple orthographic syllable pattern passed; requires manual/native-speaker review,"no exact match in processed frequency, real-word, or candidate files",needs_manual_review,candidate pool only; not final stimulus item
dý,1,curated_vietnamese_safe_rime_recombination_v1,Vietnamese-marked simple orthographic syllable pattern passed; requires manual/native-speaker review,"no exact match in processed frequency, real-word, or candidate files",needs_manual_review,candidate pool only; not final stimulus item
vủn,1,curated_vietnamese_safe_rime_recombination_v1,Vietnamese-marked simple orthographic syllable pattern passed; requires manual/native-speaker review,"no exact match in processed frequency, real-word, or candidate files",needs_manual_review,candidate pool only; not final stimulus item
quưt,1,curated_vietnamese_safe_rime_recombination_v1,Vietnamese-marked simple orthographic syllable pattern passed; requires manual/native-speaker review,"no exact match in processed frequency, real-word, or candidate files",needs_manual_review,candidate pool only; not final stimulus item
ngổng,1,curated_vietnamese_safe_rime_recombination_v1,Vietnamese-marked simple orthographic syllable pattern passed; requires manual/native-speaker review,"no exact match in processed frequency, real-word, or candidate files",needs_manual_review,candidate pool only; not final stimulus item
nhúch,1,curated_vietnamese_safe_rime_recombination_v1,Vietnamese-marked simple orthographic syllable pattern passed; requires manual/native-speaker review,"no exact match in processed frequency, real-word, or candidate files",needs_manual_review,candidate pool only; not final stimulus item
phỵn,1,curated_vietnamese_safe_rime_recombination_v1,Vietnamese-marked simple orthographic syllable pattern passed; requires manual/native-speaker review,"no exact match in processed frequency, real-word, or candidate files",needs_manual_review,candidate pool only; not final stimulus item
nặm nhứn,2,curated_vietnamese_safe_rime_recombination_v1,Vietnamese-marked simple orthographic syllable pattern passed; requires manual/native-speaker review,"no exact match in processed frequency, real-word, or candidate files",needs_manual_review,candidate pool only; not final stimulus item
gẩm phỉc,2,curated_vietnamese_safe_rime_recombination_v1,Vietnamese-marked simple orthographic syllable pattern passed; requires manual/native-speaker review,"no exact match in processed frequency, real-word, or candidate files",needs_manual_review,candidate pool only; not final stimulus item
trản máo,2,curated_vietnamese_safe_rime_recombination_v1,Vietnamese-marked simple orthographic syllable pattern passed; requires manual/native-speaker review,"no exact match in processed frequency, real-word, or candidate files",needs_manual_review,candidate pool only; not final stimulus item
nhẹnh xặ,2,curated_vietnamese_safe_rime_recombination_v1,Vietnamese-marked simple orthographic syllable pattern passed; requires manual/native-speaker review,"no exact match in processed frequency, real-word, or candidate files",needs_manual_review,candidate pool only; not final stimulus item
thớm gẩn,2,curated_vietnamese_safe_rime_recombination_v1,Vietnamese-marked simple orthographic syllable pattern passed; requires manual/native-speaker review,"no exact match in processed frequency, real-word, or candidate files",needs_manual_review,candidate pool only; not final stimulus item
nhởt tớt,2,curated_vietnamese_safe_rime_recombination_v1,Vietnamese-marked simple orthographic syllable pattern passed; requires manual/native-speaker review,"no exact match in processed frequency, real-word, or candidate files",needs_manual_review,candidate pool only; not final stimulus item
hửn giếch,2,curated_vietnamese_safe_rime_recombination_v1,Vietnamese-marked simple orthographic syllable pattern passed; requires manual/native-speaker review,"no exact match in processed frequency, real-word, or candidate files",needs_manual_review,candidate pool only; not final stimulus item
éch dỵc,2,curated_vietnamese_safe_rime_recombination_v1,Vietnamese-marked simple orthographic syllable pattern passed; requires manual/native-speaker review,"no exact match in processed frequency, real-word, or candidate files",needs_manual_review,candidate pool only; not final stimulus item
lêch bẩp,2,curated_vietnamese_safe_rime_recombination_v1,Vietnamese-marked simple orthographic syllable pattern passed; requires manual/native-speaker review,"no exact match in processed frequency, real-word, or candidate files",needs_manual_review,candidate pool only; not final stimulus item
ộp lưm,2,curated_vietnamese_safe_rime_recombination_v1,Vietnamese-marked simple orthographic syllable pattern passed; requires manual/native-speaker review,"no exact match in processed frequency, real-word, or candidate files",needs_manual_review,candidate pool only; not final stimulus item
bâc trỏ,2,curated_vietnamese_safe_rime_recombination_v1,Vietnamese-marked simple orthographic syllable pattern passed; requires manual/native-speaker review,"no exact match in processed frequency, real-word, or candidate files",needs_manual_review,candidate pool only; not final stimulus item
hẩt rỏ,2,curated_vietnamese_safe_rime_recombination_v1,Vietnamese-marked simple orthographic syllable pattern passed; requires manual/native-speaker review,"no exact match in processed frequency, real-word, or candidate files",needs_manual_review,candidate pool only; not final stimulus item
trý lệng,2,curated_vietnamese_safe_rime_recombination_v1,Vietnamese-marked simple orthographic syllable pattern passed; requires manual/native-speaker review,"no exact match in processed frequency, real-word, or candidate files",needs_manual_review,candidate pool only; not final stimulus item
nhủp nhợng,2,curated_vietnamese_safe_rime_recombination_v1,Vietnamese-marked simple orthographic syllable pattern passed; requires manual/native-speaker review,"no exact match in processed frequency, real-word, or candidate files",needs_manual_review,candidate pool only; not final stimulus item
đuch quỉch,2,curated_vietnamese_safe_rime_recombination_v1,Vietnamese-marked simple orthographic syllable pattern passed; requires manual/native-speaker review,"no exact match in processed frequency, real-word, or candidate files",needs_manual_review,candidate pool only; not final stimulus item
bịc nghếnh,2,curated_vietnamese_safe_rime_recombination_v1,Vietnamese-marked simple orthographic syllable pattern passed; requires manual/native-speaker review,"no exact match in processed frequency, real-word, or candidate files",needs_manual_review,candidate pool only; not final stimulus item
nhểc tốm,2,curated_vietnamese_safe_rime_recombination_v1,Vietnamese-marked simple orthographic syllable pattern passed; requires manual/native-speaker review,"no exact match in processed frequency, real-word, or candidate files",needs_manual_review,candidate pool only; not final stimulus item
giỷnh gôm,2,curated_vietnamese_safe_rime_recombination_v1,Vietnamese-marked simple orthographic syllable pattern passed; requires manual/native-speaker review,"no exact match in processed frequency, real-word, or candidate files",needs_manual_review,candidate pool only; not final stimulus item
rỏc nghích,2,curated_vietnamese_safe_rime_recombination_v1,Vietnamese-marked simple orthographic syllable pattern passed; requires manual/native-speaker review,"no exact match in processed frequency, real-word, or candidate files",needs_manual_review,candidate pool only; not final stimulus item
líp thứt,2,curated_vietnamese_safe_rime_recombination_v1,Vietnamese-marked simple orthographic syllable pattern passed; requires manual/native-speaker review,"no exact match in processed frequency, real-word, or candidate files",needs_manual_review,candidate pool only; not final stimulus item
cốnh rỏ,2,curated_vietnamese_safe_rime_recombination_v1,Vietnamese-marked simple orthographic syllable pattern passed; requires manual/native-speaker review,"no exact match in processed frequency, real-word, or candidate files",needs_manual_review,candidate pool only; not final stimulus item
lảc sẹc,2,curated_vietnamese_safe_rime_recombination_v1,Vietnamese-marked simple orthographic syllable pattern passed; requires manual/native-speaker review,"no exact match in processed frequency, real-word, or candidate files",needs_manual_review,candidate pool only; not final stimulus item
ói rẻm,2,curated_vietnamese_safe_rime_recombination_v1,Vietnamese-marked simple orthographic syllable pattern passed; requires manual/native-speaker review,"no exact match in processed frequency, real-word, or candidate files",needs_manual_review,candidate pool only; not final stimulus item
víc tých,2,curated_vietnamese_safe_rime_recombination_v1,Vietnamese-marked simple orthographic syllable pattern passed; requires manual/native-speaker review,"no exact match in processed frequency, real-word, or candidate files",needs_manual_review,candidate pool only; not final stimulus item
chợm mọn,2,curated_vietnamese_safe_rime_recombination_v1,Vietnamese-marked simple orthographic syllable pattern passed; requires manual/native-speaker review,"no exact match in processed frequency, real-word, or candidate files",needs_manual_review,candidate pool only; not final stimulus item
thẻnh quếnh,2,curated_vietnamese_safe_rime_recombination_v1,Vietnamese-marked simple orthographic syllable pattern passed; requires manual/native-speaker review,"no exact match in processed frequency, real-word, or candidate files",needs_manual_review,candidate pool only; not final stimulus item
bặ xân,2,curated_vietnamese_safe_rime_recombination_v1,Vietnamese-marked simple orthographic syllable pattern passed; requires manual/native-speaker review,"no exact match in processed frequency, real-word, or candidate files",needs_manual_review,candidate pool only; not final stimulus item
vấm tâng,2,curated_vietnamese_safe_rime_recombination_v1,Vietnamese-marked simple orthographic syllable pattern passed; requires manual/native-speaker review,"no exact match in processed frequency, real-word, or candidate files",needs_manual_review,candidate pool only; not final stimulus item
phựt cốnh,2,curated_vietnamese_safe_rime_recombination_v1,Vietnamese-marked simple orthographic syllable pattern passed; requires manual/native-speaker review,"no exact match in processed frequency, real-word, or candidate files",needs_manual_review,candidate pool only; not final stimulus item
xọp nhỉu,2,curated_vietnamese_safe_rime_recombination_v1,Vietnamese-marked simple orthographic syllable pattern passed; requires manual/native-speaker review,"no exact match in processed frequency, real-word, or candidate files",needs_manual_review,candidate pool only; not final stimulus item
trện tưch,2,curated_vietnamese_safe_rime_recombination_v1,Vietnamese-marked simple orthographic syllable pattern passed; requires manual/native-speaker review,"no exact match in processed frequency, real-word, or candidate files",needs_manual_review,candidate pool only; not final stimulus item
nghỵt nơch,2,curated_vietnamese_safe_rime_recombination_v1,Vietnamese-marked simple orthographic syllable pattern passed; requires manual/native-speaker review,"no exact match in processed frequency, real-word, or candidate files",needs_manual_review,candidate pool only; not final stimulus item
dêc giịnh,2,curated_vietnamese_safe_rime_recombination_v1,Vietnamese-marked simple orthographic syllable pattern passed; requires manual/native-speaker review,"no exact match in processed frequency, real-word, or candidate files",needs_manual_review,candidate pool only; not final stimulus item
cớch lệm,2,curated_vietnamese_safe_rime_recombination_v1,Vietnamese-marked simple orthographic syllable pattern passed; requires manual/native-speaker review,"no exact match in processed frequency, real-word, or candidate files",needs_manual_review,candidate pool only; not final stimulus item
lỏ sấnh,2,curated_vietnamese_safe_rime_recombination_v1,Vietnamese-marked simple orthographic syllable pattern passed; requires manual/native-speaker review,"no exact match in processed frequency, real-word, or candidate files",needs_manual_review,candidate pool only; not final stimulus item
ủc dủc,2,curated_vietnamese_safe_rime_recombination_v1,Vietnamese-marked simple orthographic syllable pattern passed; requires manual/native-speaker review,"no exact match in processed frequency, real-word, or candidate files",needs_manual_review,candidate pool only; not final stimulus item
đởch ghỷn,2,curated_vietnamese_safe_rime_recombination_v1,Vietnamese-marked simple orthographic syllable pattern passed; requires manual/native-speaker review,"no exact match in processed frequency, real-word, or candidate files",needs_manual_review,candidate pool only; not final stimulus item
dỏc phọn,2,curated_vietnamese_safe_rime_recombination_v1,Vietnamese-marked simple orthographic syllable pattern passed; requires manual/native-speaker review,"no exact match in processed frequency, real-word, or candidate files",needs_manual_review,candidate pool only; not final stimulus item
tểc ngến,2,curated_vietnamese_safe_rime_recombination_v1,Vietnamese-marked simple orthographic syllable pattern passed; requires manual/native-speaker review,"no exact match in processed frequency, real-word, or candidate files",needs_manual_review,candidate pool only; not final stimulus item
rốc trẳp,2,curated_vietnamese_safe_rime_recombination_v1,Vietnamese-marked simple orthographic syllable pattern passed; requires manual/native-speaker review,"no exact match in processed frequency, real-word, or candidate files",needs_manual_review,candidate pool only; not final stimulus item
gộch hích,2,curated_vietnamese_safe_rime_recombination_v1,Vietnamese-marked simple orthographic syllable pattern passed; requires manual/native-speaker review,"no exact match in processed frequency, real-word, or candidate files",needs_manual_review,candidate pool only; not final stimulus item
giửm dậc,2,curated_vietnamese_safe_rime_recombination_v1,Vietnamese-marked simple orthographic syllable pattern passed; requires manual/native-speaker review,"no exact match in processed frequency, real-word, or candidate files",needs_manual_review,candidate pool only; not final stimulus item
hịc hẩng,2,curated_vietnamese_safe_rime_recombination_v1,Vietnamese-marked simple orthographic syllable pattern passed; requires manual/native-speaker review,"no exact match in processed frequency, real-word, or candidate files",needs_manual_review,candidate pool only; not final stimulus item
dửnh rôc,2,curated_vietnamese_safe_rime_recombination_v1,Vietnamese-marked simple orthographic syllable pattern passed; requires manual/native-speaker review,"no exact match in processed frequency, real-word, or candidate files",needs_manual_review,candidate pool only; not final stimulus item
hổt ngúch,2,curated_vietnamese_safe_rime_recombination_v1,Vietnamese-marked simple orthographic syllable pattern passed; requires manual/native-speaker review,"no exact match in processed frequency, real-word, or candidate files",needs_manual_review,candidate pool only; not final stimulus item
bẩ giặn,2,curated_vietnamese_safe_rime_recombination_v1,Vietnamese-marked simple orthographic syllable pattern passed; requires manual/native-speaker review,"no exact match in processed frequency, real-word, or candidate files",needs_manual_review,candidate pool only; not final stimulus item
nểng rẩp,2,curated_vietnamese_safe_rime_recombination_v1,Vietnamese-marked simple orthographic syllable pattern passed; requires manual/native-speaker review,"no exact match in processed frequency, real-word, or candidate files",needs_manual_review,candidate pool only; not final stimulus item
nghỷch nác,2,curated_vietnamese_safe_rime_recombination_v1,Vietnamese-marked simple orthographic syllable pattern passed; requires manual/native-speaker review,"no exact match in processed frequency, real-word, or candidate files",needs_manual_review,candidate pool only; not final stimulus item
ngẩch sểch,2,curated_vietnamese_safe_rime_recombination_v1,Vietnamese-marked simple orthographic syllable pattern passed; requires manual/native-speaker review,"no exact match in processed frequency, real-word, or candidate files",needs_manual_review,candidate pool only; not final stimulus item
sủnh hỉu,2,curated_vietnamese_safe_rime_recombination_v1,Vietnamese-marked simple orthographic syllable pattern passed; requires manual/native-speaker review,"no exact match in processed frequency, real-word, or candidate files",needs_manual_review,candidate pool only; not final stimulus item
ngích đanh,2,curated_vietnamese_safe_rime_recombination_v1,Vietnamese-marked simple orthographic syllable pattern passed; requires manual/native-speaker review,"no exact match in processed frequency, real-word, or candidate files",needs_manual_review,candidate pool only; not final stimulus item
vựng nế,2,curated_vietnamese_safe_rime_recombination_v1,Vietnamese-marked simple orthographic syllable pattern passed; requires manual/native-speaker review,"no exact match in processed frequency, real-word, or candidate files",needs_manual_review,candidate pool only; not final stimulus item
quậc quục,2,curated_vietnamese_safe_rime_recombination_v1,Vietnamese-marked simple orthographic syllable pattern passed; requires manual/native-speaker review,"no exact match in processed frequency, real-word, or candidate files",needs_manual_review,candidate pool only; not final stimulus item
đưc nhổn,2,curated_vietnamese_safe_rime_recombination_v1,Vietnamese-marked simple orthographic syllable pattern passed; requires manual/native-speaker review,"no exact match in processed frequency, real-word, or candidate files",needs_manual_review,candidate pool only; not final stimulus item
thắ giưnh,2,curated_vietnamese_safe_rime_recombination_v1,Vietnamese-marked simple orthographic syllable pattern passed; requires manual/native-speaker review,"no exact match in processed frequency, real-word, or candidate files",needs_manual_review,candidate pool only; not final stimulus item
mửi nghẻp,2,curated_vietnamese_safe_rime_recombination_v1,Vietnamese-marked simple orthographic syllable pattern passed; requires manual/native-speaker review,"no exact match in processed frequency, real-word, or candidate files",needs_manual_review,candidate pool only; not final stimulus item
quẻt hép,2,curated_vietnamese_safe_rime_recombination_v1,Vietnamese-marked simple orthographic syllable pattern passed; requires manual/native-speaker review,"no exact match in processed frequency, real-word, or candidate files",needs_manual_review,candidate pool only; not final stimulus item
hỷn đach,2,curated_vietnamese_safe_rime_recombination_v1,Vietnamese-marked simple orthographic syllable pattern passed; requires manual/native-speaker review,"no exact match in processed frequency, real-word, or candidate files",needs_manual_review,candidate pool only; not final stimulus item
trởn hợn,2,curated_vietnamese_safe_rime_recombination_v1,Vietnamese-marked simple orthographic syllable pattern passed; requires manual/native-speaker review,"no exact match in processed frequency, real-word, or candidate files",needs_manual_review,candidate pool only; not final stimulus item
nghém rổng,2,curated_vietnamese_safe_rime_recombination_v1,Vietnamese-marked simple orthographic syllable pattern passed; requires manual/native-speaker review,"no exact match in processed frequency, real-word, or candidate files",needs_manual_review,candidate pool only; not final stimulus item
bủ chộch,2,curated_vietnamese_safe_rime_recombination_v1,Vietnamese-marked simple orthographic syllable pattern passed; requires manual/native-speaker review,"no exact match in processed frequency, real-word, or candidate files",needs_manual_review,candidate pool only; not final stimulus item
bét tỷt,2,curated_vietnamese_safe_rime_recombination_v1,Vietnamese-marked simple orthographic syllable pattern passed; requires manual/native-speaker review,"no exact match in processed frequency, real-word, or candidate files",needs_manual_review,candidate pool only; not final stimulus item
bân chớm,2,curated_vietnamese_safe_rime_recombination_v1,Vietnamese-marked simple orthographic syllable pattern passed; requires manual/native-speaker review,"no exact match in processed frequency, real-word, or candidate files",needs_manual_review,candidate pool only; not final stimulus item
cơt phực,2,curated_vietnamese_safe_rime_recombination_v1,Vietnamese-marked simple orthographic syllable pattern passed; requires manual/native-speaker review,"no exact match in processed frequency, real-word, or candidate files",needs_manual_review,candidate pool only; not final stimulus item
dơp chổm,2,curated_vietnamese_safe_rime_recombination_v1,Vietnamese-marked simple orthographic syllable pattern passed; requires manual/native-speaker review,"no exact match in processed frequency, real-word, or candidate files",needs_manual_review,candidate pool only; not final stimulus item
trẳn kỵc,2,curated_vietnamese_safe_rime_recombination_v1,Vietnamese-marked simple orthographic syllable pattern passed; requires manual/native-speaker review,"no exact match in processed frequency, real-word, or candidate files",needs_manual_review,candidate pool only; not final stimulus item
véng nột,2,curated_vietnamese_safe_rime_recombination_v1,Vietnamese-marked simple orthographic syllable pattern passed; requires manual/native-speaker review,"no exact match in processed frequency, real-word, or candidate files",needs_manual_review,candidate pool only; not final stimulus item
thốp xơch,2,curated_vietnamese_safe_rime_recombination_v1,Vietnamese-marked simple orthographic syllable pattern passed; requires manual/native-speaker review,"no exact match in processed frequency, real-word, or candidate files",needs_manual_review,candidate pool only; not final stimulus item
lởc châch,2,curated_vietnamese_safe_rime_recombination_v1,Vietnamese-marked simple orthographic syllable pattern passed; requires manual/native-speaker review,"no exact match in processed frequency, real-word, or candidate files",needs_manual_review,candidate pool only; not final stimulus item
hị gií,2,curated_vietnamese_safe_rime_recombination_v1,Vietnamese-marked simple orthographic syllable pattern passed; requires manual/native-speaker review,"no exact match in processed frequency, real-word, or candidate files",needs_manual_review,candidate pool only; not final stimulus item
lẩnh phỏt,2,curated_vietnamese_safe_rime_recombination_v1,Vietnamese-marked simple orthographic syllable pattern passed; requires manual/native-speaker review,"no exact match in processed frequency, real-word, or candidate files",needs_manual_review,candidate pool only; not final stimulus item
rệp héch,2,curated_vietnamese_safe_rime_recombination_v1,Vietnamese-marked simple orthographic syllable pattern passed; requires manual/native-speaker review,"no exact match in processed frequency, real-word, or candidate files",needs_manual_review,candidate pool only; not final stimulus item
ngâng trợm,2,curated_vietnamese_safe_rime_recombination_v1,Vietnamese-marked simple orthographic syllable pattern passed; requires manual/native-speaker review,"no exact match in processed frequency, real-word, or candidate files",needs_manual_review,candidate pool only; not final stimulus item
hạo chẩ,2,curated_vietnamese_safe_rime_recombination_v1,Vietnamese-marked simple orthographic syllable pattern passed; requires manual/native-speaker review,"no exact match in processed frequency, real-word, or candidate files",needs_manual_review,candidate pool only; not final stimulus item
ghỉp chăt,2,curated_vietnamese_safe_rime_recombination_v1,Vietnamese-marked simple orthographic syllable pattern passed; requires manual/native-speaker review,"no exact match in processed frequency, real-word, or candidate files",needs_manual_review,candidate pool only; not final stimulus item
mẳng nểp,2,curated_vietnamese_safe_rime_recombination_v1,Vietnamese-marked simple orthographic syllable pattern passed; requires manual/native-speaker review,"no exact match in processed frequency, real-word, or candidate files",needs_manual_review,candidate pool only; not final stimulus item
nhậnh rịu,2,curated_vietnamese_safe_rime_recombination_v1,Vietnamese-marked simple orthographic syllable pattern passed; requires manual/native-speaker review,"no exact match in processed frequency, real-word, or candidate files",needs_manual_review,candidate pool only; not final stimulus item
trấc giệm,2,curated_vietnamese_safe_rime_recombination_v1,Vietnamese-marked simple orthographic syllable pattern passed; requires manual/native-speaker review,"no exact match in processed frequency, real-word, or candidate files",needs_manual_review,candidate pool only; not final stimulus item
sỵc tơc,2,curated_vietnamese_safe_rime_recombination_v1,Vietnamese-marked simple orthographic syllable pattern passed; requires manual/native-speaker review,"no exact match in processed frequency, real-word, or candidate files",needs_manual_review,candidate pool only; not final stimulus item
xị quụp,2,curated_vietnamese_safe_rime_recombination_v1,Vietnamese-marked simple orthographic syllable pattern passed; requires manual/native-speaker review,"no exact match in processed frequency, real-word, or candidate files",needs_manual_review,candidate pool only; not final stimulus item
xọnh rânh,2,curated_vietnamese_safe_rime_recombination_v1,Vietnamese-marked simple orthographic syllable pattern passed; requires manual/native-speaker review,"no exact match in processed frequency, real-word, or candidate files",needs_manual_review,candidate pool only; not final stimulus item
giại trốnh,2,curated_vietnamese_safe_rime_recombination_v1,Vietnamese-marked simple orthographic syllable pattern passed; requires manual/native-speaker review,"no exact match in processed frequency, real-word, or candidate files",needs_manual_review,candidate pool only; not final stimulus item
phẩch gơp,2,curated_vietnamese_safe_rime_recombination_v1,Vietnamese-marked simple orthographic syllable pattern passed; requires manual/native-speaker review,"no exact match in processed frequency, real-word, or candidate files",needs_manual_review,candidate pool only; not final stimulus item
ím thấc,2,curated_vietnamese_safe_rime_recombination_v1,Vietnamese-marked simple orthographic syllable pattern passed; requires manual/native-speaker review,"no exact match in processed frequency, real-word, or candidate files",needs_manual_review,candidate pool only; not final stimulus item
gớch xáp,2,curated_vietnamese_safe_rime_recombination_v1,Vietnamese-marked simple orthographic syllable pattern passed; requires manual/native-speaker review,"no exact match in processed frequency, real-word, or candidate files",needs_manual_review,candidate pool only; not final stimulus item
nỏp phêch,2,curated_vietnamese_safe_rime_recombination_v1,Vietnamese-marked simple orthographic syllable pattern passed; requires manual/native-speaker review,"no exact match in processed frequency, real-word, or candidate files",needs_manual_review,candidate pool only; not final stimulus item
dưnh dẹ,2,curated_vietnamese_safe_rime_recombination_v1,Vietnamese-marked simple orthographic syllable pattern passed; requires manual/native-speaker review,"no exact match in processed frequency, real-word, or candidate files",needs_manual_review,candidate pool only; not final stimulus item
chộ phớp,2,curated_vietnamese_safe_rime_recombination_v1,Vietnamese-marked simple orthographic syllable pattern passed; requires manual/native-speaker review,"no exact match in processed frequency, real-word, or candidate files",needs_manual_review,candidate pool only; not final stimulus item
mửc quêng,2,curated_vietnamese_safe_rime_recombination_v1,Vietnamese-marked simple orthographic syllable pattern passed; requires manual/native-speaker review,"no exact match in processed frequency, real-word, or candidate files",needs_manual_review,candidate pool only; not final stimulus item
bửc nặp,2,curated_vietnamese_safe_rime_recombination_v1,Vietnamese-marked simple orthographic syllable pattern passed; requires manual/native-speaker review,"no exact match in processed frequency, real-word, or candidate files",needs_manual_review,candidate pool only; not final stimulus item
giúng phỏnh,2,curated_vietnamese_safe_rime_recombination_v1,Vietnamese-marked simple orthographic syllable pattern passed; requires manual/native-speaker review,"no exact match in processed frequency, real-word, or candidate files",needs_manual_review,candidate pool only; not final stimulus item
thỉt thợp,2,curated_vietnamese_safe_rime_recombination_v1,Vietnamese-marked simple orthographic syllable pattern passed; requires manual/native-speaker review,"no exact match in processed frequency, real-word, or candidate files",needs_manual_review,candidate pool only; not final stimulus item
giẻp giệng,2,curated_vietnamese_safe_rime_recombination_v1,Vietnamese-marked simple orthographic syllable pattern passed; requires manual/native-speaker review,"no exact match in processed frequency, real-word, or candidate files",needs_manual_review,candidate pool only; not final stimulus item
hôch ngớnh,2,curated_vietnamese_safe_rime_recombination_v1,Vietnamese-marked simple orthographic syllable pattern passed; requires manual/native-speaker review,"no exact match in processed frequency, real-word, or candidate files",needs_manual_review,candidate pool only; not final stimulus item
nhặc mêt,2,curated_vietnamese_safe_rime_recombination_v1,Vietnamese-marked simple orthographic syllable pattern passed; requires manual/native-speaker review,"no exact match in processed frequency, real-word, or candidate files",needs_manual_review,candidate pool only; not final stimulus item
xống phảp,2,curated_vietnamese_safe_rime_recombination_v1,Vietnamese-marked simple orthographic syllable pattern passed; requires manual/native-speaker review,"no exact match in processed frequency, real-word, or candidate files",needs_manual_review,candidate pool only; not final stimulus item
giưch hởc,2,curated_vietnamese_safe_rime_recombination_v1,Vietnamese-marked simple orthographic syllable pattern passed; requires manual/native-speaker review,"no exact match in processed frequency, real-word, or candidate files",needs_manual_review,candidate pool only; not final stimulus item
ặp đip,2,curated_vietnamese_safe_rime_recombination_v1,Vietnamese-marked simple orthographic syllable pattern passed; requires manual/native-speaker review,"no exact match in processed frequency, real-word, or candidate files",needs_manual_review,candidate pool only; not final stimulus item
nghẹc kỉn,2,curated_vietnamese_safe_rime_recombination_v1,Vietnamese-marked simple orthographic syllable pattern passed; requires manual/native-speaker review,"no exact match in processed frequency, real-word, or candidate files",needs_manual_review,candidate pool only; not final stimulus item
trỵp bếng,2,curated_vietnamese_safe_rime_recombination_v1,Vietnamese-marked simple orthographic syllable pattern passed; requires manual/native-speaker review,"no exact match in processed frequency, real-word, or candidate files",needs_manual_review,candidate pool only; not final stimulus item
chốnh ngợt,2,curated_vietnamese_safe_rime_recombination_v1,Vietnamese-marked simple orthographic syllable pattern passed; requires manual/native-speaker review,"no exact match in processed frequency, real-word, or candidate files",needs_manual_review,candidate pool only; not final stimulus item
ghêt trểp,2,curated_vietnamese_safe_rime_recombination_v1,Vietnamese-marked simple orthographic syllable pattern passed; requires manual/native-speaker review,"no exact match in processed frequency, real-word, or candidate files",needs_manual_review,candidate pool only; not final stimulus item
dỷnh gậc,2,curated_vietnamese_safe_rime_recombination_v1,Vietnamese-marked simple orthographic syllable pattern passed; requires manual/native-speaker review,"no exact match in processed frequency, real-word, or candidate files",needs_manual_review,candidate pool only; not final stimulus item
trọt lám,2,curated_vietnamese_safe_rime_recombination_v1,Vietnamese-marked simple orthographic syllable pattern passed; requires manual/native-speaker review,"no exact match in processed frequency, real-word, or candidate files",needs_manual_review,candidate pool only; not final stimulus item
thỷc mảch,2,curated_vietnamese_safe_rime_recombination_v1,Vietnamese-marked simple orthographic syllable pattern passed; requires manual/native-speaker review,"no exact match in processed frequency, real-word, or candidate files",needs_manual_review,candidate pool only; not final stimulus item
chểng kểm,2,curated_vietnamese_safe_rime_recombination_v1,Vietnamese-marked simple orthographic syllable pattern passed; requires manual/native-speaker review,"no exact match in processed frequency, real-word, or candidate files",needs_manual_review,candidate pool only; not final stimulus item
quắc sậc,2,curated_vietnamese_safe_rime_recombination_v1,Vietnamese-marked simple orthographic syllable pattern passed; requires manual/native-speaker review,"no exact match in processed frequency, real-word, or candidate files",needs_manual_review,candidate pool only; not final stimulus item
đợng nhửng,2,curated_vietnamese_safe_rime_recombination_v1,Vietnamese-marked simple orthographic syllable pattern passed; requires manual/native-speaker review,"no exact match in processed frequency, real-word, or candidate files",needs_manual_review,candidate pool only; not final stimulus item
quố lụ,2,curated_vietnamese_safe_rime_recombination_v1,Vietnamese-marked simple orthographic syllable pattern passed; requires manual/native-speaker review,"no exact match in processed frequency, real-word, or candidate files",needs_manual_review,candidate pool only; not final stimulus item
chỵc xớ,2,curated_vietnamese_safe_rime_recombination_v1,Vietnamese-marked simple orthographic syllable pattern passed; requires manual/native-speaker review,"no exact match in processed frequency, real-word, or candidate files",needs_manual_review,candidate pool only; not final stimulus item
kỉ tẩt tặp,3,curated_vietnamese_safe_rime_recombination_v1,Vietnamese-marked simple orthographic syllable pattern passed; requires manual/native-speaker review,"no exact match in processed frequency, real-word, or candidate files",needs_manual_review,candidate pool only; not final stimulus item
mựn đớnh rốch,3,curated_vietnamese_safe_rime_recombination_v1,Vietnamese-marked simple orthographic syllable pattern passed; requires manual/native-speaker review,"no exact match in processed frequency, real-word, or candidate files",needs_manual_review,candidate pool only; not final stimulus item
tủch nghỉt thých,3,curated_vietnamese_safe_rime_recombination_v1,Vietnamese-marked simple orthographic syllable pattern passed; requires manual/native-speaker review,"no exact match in processed frequency, real-word, or candidate files",needs_manual_review,candidate pool only; not final stimulus item
ghỷ xén lẹng,3,curated_vietnamese_safe_rime_recombination_v1,Vietnamese-marked simple orthographic syllable pattern passed; requires manual/native-speaker review,"no exact match in processed frequency, real-word, or candidate files",needs_manual_review,candidate pool only; not final stimulus item
kíc tẩch sởnh,3,curated_vietnamese_safe_rime_recombination_v1,Vietnamese-marked simple orthographic syllable pattern passed; requires manual/native-speaker review,"no exact match in processed frequency, real-word, or candidate files",needs_manual_review,candidate pool only; not final stimulus item
lúi đọ vúi,3,curated_vietnamese_safe_rime_recombination_v1,Vietnamese-marked simple orthographic syllable pattern passed; requires manual/native-speaker review,"no exact match in processed frequency, real-word, or candidate files",needs_manual_review,candidate pool only; not final stimulus item
năt xậnh phánh,3,curated_vietnamese_safe_rime_recombination_v1,Vietnamese-marked simple orthographic syllable pattern passed; requires manual/native-speaker review,"no exact match in processed frequency, real-word, or candidate files",needs_manual_review,candidate pool only; not final stimulus item
ngỏnh đẳc hểch,3,curated_vietnamese_safe_rime_recombination_v1,Vietnamese-marked simple orthographic syllable pattern passed; requires manual/native-speaker review,"no exact match in processed frequency, real-word, or candidate files",needs_manual_review,candidate pool only; not final stimulus item
đắ trẳ ứp,3,curated_vietnamese_safe_rime_recombination_v1,Vietnamese-marked simple orthographic syllable pattern passed; requires manual/native-speaker review,"no exact match in processed frequency, real-word, or candidate files",needs_manual_review,candidate pool only; not final stimulus item
dỷp giẩc giẩp,3,curated_vietnamese_safe_rime_recombination_v1,Vietnamese-marked simple orthographic syllable pattern passed; requires manual/native-speaker review,"no exact match in processed frequency, real-word, or candidate files",needs_manual_review,candidate pool only; not final stimulus item
đych thá đot,3,curated_vietnamese_safe_rime_recombination_v1,Vietnamese-marked simple orthographic syllable pattern passed; requires manual/native-speaker review,"no exact match in processed frequency, real-word, or candidate files",needs_manual_review,candidate pool only; not final stimulus item
phặc dộc trứ,3,curated_vietnamese_safe_rime_recombination_v1,Vietnamese-marked simple orthographic syllable pattern passed; requires manual/native-speaker review,"no exact match in processed frequency, real-word, or candidate files",needs_manual_review,candidate pool only; not final stimulus item
nhẻch thệt giủm,3,curated_vietnamese_safe_rime_recombination_v1,Vietnamese-marked simple orthographic syllable pattern passed; requires manual/native-speaker review,"no exact match in processed frequency, real-word, or candidate files",needs_manual_review,candidate pool only; not final stimulus item
côc giểnh dẩt,3,curated_vietnamese_safe_rime_recombination_v1,Vietnamese-marked simple orthographic syllable pattern passed; requires manual/native-speaker review,"no exact match in processed frequency, real-word, or candidate files",needs_manual_review,candidate pool only; not final stimulus item
sểng vổm hó,3,curated_vietnamese_safe_rime_recombination_v1,Vietnamese-marked simple orthographic syllable pattern passed; requires manual/native-speaker review,"no exact match in processed frequency, real-word, or candidate files",needs_manual_review,candidate pool only; not final stimulus item
lủp chăp rêng,3,curated_vietnamese_safe_rime_recombination_v1,Vietnamese-marked simple orthographic syllable pattern passed; requires manual/native-speaker review,"no exact match in processed frequency, real-word, or candidate files",needs_manual_review,candidate pool only; not final stimulus item
xửt bệm rưnh,3,curated_vietnamese_safe_rime_recombination_v1,Vietnamese-marked simple orthographic syllable pattern passed; requires manual/native-speaker review,"no exact match in processed frequency, real-word, or candidate files",needs_manual_review,candidate pool only; not final stimulus item
phêc mựn hẩnh,3,curated_vietnamese_safe_rime_recombination_v1,Vietnamese-marked simple orthographic syllable pattern passed; requires manual/native-speaker review,"no exact match in processed frequency, real-word, or candidate files",needs_manual_review,candidate pool only; not final stimulus item
chỉch trện ặng,3,curated_vietnamese_safe_rime_recombination_v1,Vietnamese-marked simple orthographic syllable pattern passed; requires manual/native-speaker review,"no exact match in processed frequency, real-word, or candidate files",needs_manual_review,candidate pool only; not final stimulus item
nởt thịp chẻc,3,curated_vietnamese_safe_rime_recombination_v1,Vietnamese-marked simple orthographic syllable pattern passed; requires manual/native-speaker review,"no exact match in processed frequency, real-word, or candidate files",needs_manual_review,candidate pool only; not final stimulus item
rêp lỉch thọi,3,curated_vietnamese_safe_rime_recombination_v1,Vietnamese-marked simple orthographic syllable pattern passed; requires manual/native-speaker review,"no exact match in processed frequency, real-word, or candidate files",needs_manual_review,candidate pool only; not final stimulus item
sơng dưc ểng,3,curated_vietnamese_safe_rime_recombination_v1,Vietnamese-marked simple orthographic syllable pattern passed; requires manual/native-speaker review,"no exact match in processed frequency, real-word, or candidate files",needs_manual_review,candidate pool only; not final stimulus item
xứnh dửc nhớch,3,curated_vietnamese_safe_rime_recombination_v1,Vietnamese-marked simple orthographic syllable pattern passed; requires manual/native-speaker review,"no exact match in processed frequency, real-word, or candidate files",needs_manual_review,candidate pool only; not final stimulus item
chýnh lởm đớnh,3,curated_vietnamese_safe_rime_recombination_v1,Vietnamese-marked simple orthographic syllable pattern passed; requires manual/native-speaker review,"no exact match in processed frequency, real-word, or candidate files",needs_manual_review,candidate pool only; not final stimulus item
dỷ bếc ểt,3,curated_vietnamese_safe_rime_recombination_v1,Vietnamese-marked simple orthographic syllable pattern passed; requires manual/native-speaker review,"no exact match in processed frequency, real-word, or candidate files",needs_manual_review,candidate pool only; not final stimulus item
ửt trủp vịch,3,curated_vietnamese_safe_rime_recombination_v1,Vietnamese-marked simple orthographic syllable pattern passed; requires manual/native-speaker review,"no exact match in processed frequency, real-word, or candidate files",needs_manual_review,candidate pool only; not final stimulus item
rỷt mạm nhỷ,3,curated_vietnamese_safe_rime_recombination_v1,Vietnamese-marked simple orthographic syllable pattern passed; requires manual/native-speaker review,"no exact match in processed frequency, real-word, or candidate files",needs_manual_review,candidate pool only; not final stimulus item
trửm lẹp trấp,3,curated_vietnamese_safe_rime_recombination_v1,Vietnamese-marked simple orthographic syllable pattern passed; requires manual/native-speaker review,"no exact match in processed frequency, real-word, or candidate files",needs_manual_review,candidate pool only; not final stimulus item
phủn nhỏt đọnh,3,curated_vietnamese_safe_rime_recombination_v1,Vietnamese-marked simple orthographic syllable pattern passed; requires manual/native-speaker review,"no exact match in processed frequency, real-word, or candidate files",needs_manual_review,candidate pool only; not final stimulus item
tưnh chụn xâc,3,curated_vietnamese_safe_rime_recombination_v1,Vietnamese-marked simple orthographic syllable pattern passed; requires manual/native-speaker review,"no exact match in processed frequency, real-word, or candidate files",needs_manual_review,candidate pool only; not final stimulus item
xẻp nghỉu xậng,3,curated_vietnamese_safe_rime_recombination_v1,Vietnamese-marked simple orthographic syllable pattern passed; requires manual/native-speaker review,"no exact match in processed frequency, real-word, or candidate files",needs_manual_review,candidate pool only; not final stimulus item
hý ngấn mẹn,3,curated_vietnamese_safe_rime_recombination_v1,Vietnamese-marked simple orthographic syllable pattern passed; requires manual/native-speaker review,"no exact match in processed frequency, real-word, or candidate files",needs_manual_review,candidate pool only; not final stimulus item
cẩch đểc chệ,3,curated_vietnamese_safe_rime_recombination_v1,Vietnamese-marked simple orthographic syllable pattern passed; requires manual/native-speaker review,"no exact match in processed frequency, real-word, or candidate files",needs_manual_review,candidate pool only; not final stimulus item
gậch châ rẹo,3,curated_vietnamese_safe_rime_recombination_v1,Vietnamese-marked simple orthographic syllable pattern passed; requires manual/native-speaker review,"no exact match in processed frequency, real-word, or candidate files",needs_manual_review,candidate pool only; not final stimulus item
râng giểt xớc,3,curated_vietnamese_safe_rime_recombination_v1,Vietnamese-marked simple orthographic syllable pattern passed; requires manual/native-speaker review,"no exact match in processed frequency, real-word, or candidate files",needs_manual_review,candidate pool only; not final stimulus item
cónh sỷch vởng,3,curated_vietnamese_safe_rime_recombination_v1,Vietnamese-marked simple orthographic syllable pattern passed; requires manual/native-speaker review,"no exact match in processed frequency, real-word, or candidate files",needs_manual_review,candidate pool only; not final stimulus item
nỏ nhắng lăc,3,curated_vietnamese_safe_rime_recombination_v1,Vietnamese-marked simple orthographic syllable pattern passed; requires manual/native-speaker review,"no exact match in processed frequency, real-word, or candidate files",needs_manual_review,candidate pool only; not final stimulus item
nhậng bứng sủng,3,curated_vietnamese_safe_rime_recombination_v1,Vietnamese-marked simple orthographic syllable pattern passed; requires manual/native-speaker review,"no exact match in processed frequency, real-word, or candidate files",needs_manual_review,candidate pool only; not final stimulus item
nhại rơn quẹm,3,curated_vietnamese_safe_rime_recombination_v1,Vietnamese-marked simple orthographic syllable pattern passed; requires manual/native-speaker review,"no exact match in processed frequency, real-word, or candidate files",needs_manual_review,candidate pool only; not final stimulus item
bảp nế xẻch,3,curated_vietnamese_safe_rime_recombination_v1,Vietnamese-marked simple orthographic syllable pattern passed; requires manual/native-speaker review,"no exact match in processed frequency, real-word, or candidate files",needs_manual_review,candidate pool only; not final stimulus item
rôn dẩp ghẹch,3,curated_vietnamese_safe_rime_recombination_v1,Vietnamese-marked simple orthographic syllable pattern passed; requires manual/native-speaker review,"no exact match in processed frequency, real-word, or candidate files",needs_manual_review,candidate pool only; not final stimulus item
quỏn trủc gỉc,3,curated_vietnamese_safe_rime_recombination_v1,Vietnamese-marked simple orthographic syllable pattern passed; requires manual/native-speaker review,"no exact match in processed frequency, real-word, or candidate files",needs_manual_review,candidate pool only; not final stimulus item
sơm xíp bởp,3,curated_vietnamese_safe_rime_recombination_v1,Vietnamese-marked simple orthographic syllable pattern passed; requires manual/native-speaker review,"no exact match in processed frequency, real-word, or candidate files",needs_manual_review,candidate pool only; not final stimulus item
rảo tấng thứng,3,curated_vietnamese_safe_rime_recombination_v1,Vietnamese-marked simple orthographic syllable pattern passed; requires manual/native-speaker review,"no exact match in processed frequency, real-word, or candidate files",needs_manual_review,candidate pool only; not final stimulus item
lọch dọm ím,3,curated_vietnamese_safe_rime_recombination_v1,Vietnamese-marked simple orthographic syllable pattern passed; requires manual/native-speaker review,"no exact match in processed frequency, real-word, or candidate files",needs_manual_review,candidate pool only; not final stimulus item
mỉnh giếch rởng,3,curated_vietnamese_safe_rime_recombination_v1,Vietnamese-marked simple orthographic syllable pattern passed; requires manual/native-speaker review,"no exact match in processed frequency, real-word, or candidate files",needs_manual_review,candidate pool only; not final stimulus item
éng lớch mựn,3,curated_vietnamese_safe_rime_recombination_v1,Vietnamese-marked simple orthographic syllable pattern passed; requires manual/native-speaker review,"no exact match in processed frequency, real-word, or candidate files",needs_manual_review,candidate pool only; not final stimulus item
tẩc giợ ngựi,3,curated_vietnamese_safe_rime_recombination_v1,Vietnamese-marked simple orthographic syllable pattern passed; requires manual/native-speaker review,"no exact match in processed frequency, real-word, or candidate files",needs_manual_review,candidate pool only; not final stimulus item
xộ nênh quửm,3,curated_vietnamese_safe_rime_recombination_v1,Vietnamese-marked simple orthographic syllable pattern passed; requires manual/native-speaker review,"no exact match in processed frequency, real-word, or candidate files",needs_manual_review,candidate pool only; not final stimulus item
giủng dớc xấm,3,curated_vietnamese_safe_rime_recombination_v1,Vietnamese-marked simple orthographic syllable pattern passed; requires manual/native-speaker review,"no exact match in processed frequency, real-word, or candidate files",needs_manual_review,candidate pool only; not final stimulus item
chệc giọi phêch,3,curated_vietnamese_safe_rime_recombination_v1,Vietnamese-marked simple orthographic syllable pattern passed; requires manual/native-speaker review,"no exact match in processed frequency, real-word, or candidate files",needs_manual_review,candidate pool only; not final stimulus item
xýt mản rẳp,3,curated_vietnamese_safe_rime_recombination_v1,Vietnamese-marked simple orthographic syllable pattern passed; requires manual/native-speaker review,"no exact match in processed frequency, real-word, or candidate files",needs_manual_review,candidate pool only; not final stimulus item
nột vých bỵp,3,curated_vietnamese_safe_rime_recombination_v1,Vietnamese-marked simple orthographic syllable pattern passed; requires manual/native-speaker review,"no exact match in processed frequency, real-word, or candidate files",needs_manual_review,candidate pool only; not final stimulus item
bủi nếng sận,3,curated_vietnamese_safe_rime_recombination_v1,Vietnamese-marked simple orthographic syllable pattern passed; requires manual/native-speaker review,"no exact match in processed frequency, real-word, or candidate files",needs_manual_review,candidate pool only; not final stimulus item
phăp phẻp hẹnh,3,curated_vietnamese_safe_rime_recombination_v1,Vietnamese-marked simple orthographic syllable pattern passed; requires manual/native-speaker review,"no exact match in processed frequency, real-word, or candidate files",needs_manual_review,candidate pool only; not final stimulus item
gợ tớch bợn,3,curated_vietnamese_safe_rime_recombination_v1,Vietnamese-marked simple orthographic syllable pattern passed; requires manual/native-speaker review,"no exact match in processed frequency, real-word, or candidate files",needs_manual_review,candidate pool only; not final stimulus item
thưt bỵ nựm,3,curated_vietnamese_safe_rime_recombination_v1,Vietnamese-marked simple orthographic syllable pattern passed; requires manual/native-speaker review,"no exact match in processed frequency, real-word, or candidate files",needs_manual_review,candidate pool only; not final stimulus item
nựm chọch phợm,3,curated_vietnamese_safe_rime_recombination_v1,Vietnamese-marked simple orthographic syllable pattern passed; requires manual/native-speaker review,"no exact match in processed frequency, real-word, or candidate files",needs_manual_review,candidate pool only; not final stimulus item
gửc dửch quâm,3,curated_vietnamese_safe_rime_recombination_v1,Vietnamese-marked simple orthographic syllable pattern passed; requires manual/native-speaker review,"no exact match in processed frequency, real-word, or candidate files",needs_manual_review,candidate pool only; not final stimulus item
quăp vộc chủn,3,curated_vietnamese_safe_rime_recombination_v1,Vietnamese-marked simple orthographic syllable pattern passed; requires manual/native-speaker review,"no exact match in processed frequency, real-word, or candidate files",needs_manual_review,candidate pool only; not final stimulus item
ghỵch phỵp bẳt,3,curated_vietnamese_safe_rime_recombination_v1,Vietnamese-marked simple orthographic syllable pattern passed; requires manual/native-speaker review,"no exact match in processed frequency, real-word, or candidate files",needs_manual_review,candidate pool only; not final stimulus item
cẩch trỷ trấp,3,curated_vietnamese_safe_rime_recombination_v1,Vietnamese-marked simple orthographic syllable pattern passed; requires manual/native-speaker review,"no exact match in processed frequency, real-word, or candidate files",needs_manual_review,candidate pool only; not final stimulus item
nốn dónh mốch,3,curated_vietnamese_safe_rime_recombination_v1,Vietnamese-marked simple orthographic syllable pattern passed; requires manual/native-speaker review,"no exact match in processed frequency, real-word, or candidate files",needs_manual_review,candidate pool only; not final stimulus item
quơc thệt xẹm,3,curated_vietnamese_safe_rime_recombination_v1,Vietnamese-marked simple orthographic syllable pattern passed; requires manual/native-speaker review,"no exact match in processed frequency, real-word, or candidate files",needs_manual_review,candidate pool only; not final stimulus item
căp nghỵ bọm,3,curated_vietnamese_safe_rime_recombination_v1,Vietnamese-marked simple orthographic syllable pattern passed; requires manual/native-speaker review,"no exact match in processed frequency, real-word, or candidate files",needs_manual_review,candidate pool only; not final stimulus item
ngêch thẹng đấch,3,curated_vietnamese_safe_rime_recombination_v1,Vietnamese-marked simple orthographic syllable pattern passed; requires manual/native-speaker review,"no exact match in processed frequency, real-word, or candidate files",needs_manual_review,candidate pool only; not final stimulus item
chẹt mẳm bự,3,curated_vietnamese_safe_rime_recombination_v1,Vietnamese-marked simple orthographic syllable pattern passed; requires manual/native-speaker review,"no exact match in processed frequency, real-word, or candidate files",needs_manual_review,candidate pool only; not final stimulus item
sệng phăm ngứch,3,curated_vietnamese_safe_rime_recombination_v1,Vietnamese-marked simple orthographic syllable pattern passed; requires manual/native-speaker review,"no exact match in processed frequency, real-word, or candidate files",needs_manual_review,candidate pool only; not final stimulus item
hủt rânh tắng,3,curated_vietnamese_safe_rime_recombination_v1,Vietnamese-marked simple orthographic syllable pattern passed; requires manual/native-speaker review,"no exact match in processed frequency, real-word, or candidate files",needs_manual_review,candidate pool only; not final stimulus item
chỏt quẩng dýn,3,curated_vietnamese_safe_rime_recombination_v1,Vietnamese-marked simple orthographic syllable pattern passed; requires manual/native-speaker review,"no exact match in processed frequency, real-word, or candidate files",needs_manual_review,candidate pool only; not final stimulus item
rểc cẳp thụch,3,curated_vietnamese_safe_rime_recombination_v1,Vietnamese-marked simple orthographic syllable pattern passed; requires manual/native-speaker review,"no exact match in processed frequency, real-word, or candidate files",needs_manual_review,candidate pool only; not final stimulus item
nảp lọm chịp,3,curated_vietnamese_safe_rime_recombination_v1,Vietnamese-marked simple orthographic syllable pattern passed; requires manual/native-speaker review,"no exact match in processed frequency, real-word, or candidate files",needs_manual_review,candidate pool only; not final stimulus item
búch giỏn xẹc,3,curated_vietnamese_safe_rime_recombination_v1,Vietnamese-marked simple orthographic syllable pattern passed; requires manual/native-speaker review,"no exact match in processed frequency, real-word, or candidate files",needs_manual_review,candidate pool only; not final stimulus item
lỏch giệc giụ,3,curated_vietnamese_safe_rime_recombination_v1,Vietnamese-marked simple orthographic syllable pattern passed; requires manual/native-speaker review,"no exact match in processed frequency, real-word, or candidate files",needs_manual_review,candidate pool only; not final stimulus item
ýn đựnh trím,3,curated_vietnamese_safe_rime_recombination_v1,Vietnamese-marked simple orthographic syllable pattern passed; requires manual/native-speaker review,"no exact match in processed frequency, real-word, or candidate files",needs_manual_review,candidate pool only; not final stimulus item
kêng tớn cổn,3,curated_vietnamese_safe_rime_recombination_v1,Vietnamese-marked simple orthographic syllable pattern passed; requires manual/native-speaker review,"no exact match in processed frequency, real-word, or candidate files",needs_manual_review,candidate pool only; not final stimulus item
mẩng đim lẹt,3,curated_vietnamese_safe_rime_recombination_v1,Vietnamese-marked simple orthographic syllable pattern passed; requires manual/native-speaker review,"no exact match in processed frequency, real-word, or candidate files",needs_manual_review,candidate pool only; not final stimulus item
trỷp tụm gạc,3,curated_vietnamese_safe_rime_recombination_v1,Vietnamese-marked simple orthographic syllable pattern passed; requires manual/native-speaker review,"no exact match in processed frequency, real-word, or candidate files",needs_manual_review,candidate pool only; not final stimulus item
sợnh quật vơt,3,curated_vietnamese_safe_rime_recombination_v1,Vietnamese-marked simple orthographic syllable pattern passed; requires manual/native-speaker review,"no exact match in processed frequency, real-word, or candidate files",needs_manual_review,candidate pool only; not final stimulus item
gống róp thứn,3,curated_vietnamese_safe_rime_recombination_v1,Vietnamese-marked simple orthographic syllable pattern passed; requires manual/native-speaker review,"no exact match in processed frequency, real-word, or candidate files",needs_manual_review,candidate pool only; not final stimulus item
phổnh xửch ghệnh,3,curated_vietnamese_safe_rime_recombination_v1,Vietnamese-marked simple orthographic syllable pattern passed; requires manual/native-speaker review,"no exact match in processed frequency, real-word, or candidate files",needs_manual_review,candidate pool only; not final stimulus item
tẹng ến chẳn,3,curated_vietnamese_safe_rime_recombination_v1,Vietnamese-marked simple orthographic syllable pattern passed; requires manual/native-speaker review,"no exact match in processed frequency, real-word, or candidate files",needs_manual_review,candidate pool only; not final stimulus item
trớch thỷp dủi,3,curated_vietnamese_safe_rime_recombination_v1,Vietnamese-marked simple orthographic syllable pattern passed; requires manual/native-speaker review,"no exact match in processed frequency, real-word, or candidate files",needs_manual_review,candidate pool only; not final stimulus item
môch ngủm óch,3,curated_vietnamese_safe_rime_recombination_v1,Vietnamese-marked simple orthographic syllable pattern passed; requires manual/native-speaker review,"no exact match in processed frequency, real-word, or candidate files",needs_manual_review,candidate pool only; not final stimulus item
vónh nhỵn gíu,3,curated_vietnamese_safe_rime_recombination_v1,Vietnamese-marked simple orthographic syllable pattern passed; requires manual/native-speaker review,"no exact match in processed frequency, real-word, or candidate files",needs_manual_review,candidate pool only; not final stimulus item
vụi hỷn rónh,3,curated_vietnamese_safe_rime_recombination_v1,Vietnamese-marked simple orthographic syllable pattern passed; requires manual/native-speaker review,"no exact match in processed frequency, real-word, or candidate files",needs_manual_review,candidate pool only; not final stimulus item
bởt ngụi thửnh,3,curated_vietnamese_safe_rime_recombination_v1,Vietnamese-marked simple orthographic syllable pattern passed; requires manual/native-speaker review,"no exact match in processed frequency, real-word, or candidate files",needs_manual_review,candidate pool only; not final stimulus item
ngẩ giợch ịch,3,curated_vietnamese_safe_rime_recombination_v1,Vietnamese-marked simple orthographic syllable pattern passed; requires manual/native-speaker review,"no exact match in processed frequency, real-word, or candidate files",needs_manual_review,candidate pool only; not final stimulus item
ngủnh phẳn nhẹnh,3,curated_vietnamese_safe_rime_recombination_v1,Vietnamese-marked simple orthographic syllable pattern passed; requires manual/native-speaker review,"no exact match in processed frequency, real-word, or candidate files",needs_manual_review,candidate pool only; not final stimulus item
giín xỏm quổm,3,curated_vietnamese_safe_rime_recombination_v1,Vietnamese-marked simple orthographic syllable pattern passed; requires manual/native-speaker review,"no exact match in processed frequency, real-word, or candidate files",needs_manual_review,candidate pool only; not final stimulus item
phởch xựn tră,3,curated_vietnamese_safe_rime_recombination_v1,Vietnamese-marked simple orthographic syllable pattern passed; requires manual/native-speaker review,"no exact match in processed frequency, real-word, or candidate files",needs_manual_review,candidate pool only; not final stimulus item
sốnh bâm hơch,3,curated_vietnamese_safe_rime_recombination_v1,Vietnamese-marked simple orthographic syllable pattern passed; requires manual/native-speaker review,"no exact match in processed frequency, real-word, or candidate files",needs_manual_review,candidate pool only; not final stimulus item
nỷch tếng rểng,3,curated_vietnamese_safe_rime_recombination_v1,Vietnamese-marked simple orthographic syllable pattern passed; requires manual/native-speaker review,"no exact match in processed frequency, real-word, or candidate files",needs_manual_review,candidate pool only; not final stimulus item
đẹc bụt thỏc,3,curated_vietnamese_safe_rime_recombination_v1,Vietnamese-marked simple orthographic syllable pattern passed; requires manual/native-speaker review,"no exact match in processed frequency, real-word, or candidate files",needs_manual_review,candidate pool only; not final stimulus item
mỉch ngợn ngử,3,curated_vietnamese_safe_rime_recombination_v1,Vietnamese-marked simple orthographic syllable pattern passed; requires manual/native-speaker review,"no exact match in processed frequency, real-word, or candidate files",needs_manual_review,candidate pool only; not final stimulus item
nghỉn kệnh giặng,3,curated_vietnamese_safe_rime_recombination_v1,Vietnamese-marked simple orthographic syllable pattern passed; requires manual/native-speaker review,"no exact match in processed frequency, real-word, or candidate files",needs_manual_review,candidate pool only; not final stimulus item
nốm ỉnh nhắng,3,curated_vietnamese_safe_rime_recombination_v1,Vietnamese-marked simple orthographic syllable pattern passed; requires manual/native-speaker review,"no exact match in processed frequency, real-word, or candidate files",needs_manual_review,candidate pool only; not final stimulus item
kểch chọp găc,3,curated_vietnamese_safe_rime_recombination_v1,Vietnamese-marked simple orthographic syllable pattern passed; requires manual/native-speaker review,"no exact match in processed frequency, real-word, or candidate files",needs_manual_review,candidate pool only; not final stimulus item
ớnh hỉm phỉm,3,curated_vietnamese_safe_rime_recombination_v1,Vietnamese-marked simple orthographic syllable pattern passed; requires manual/native-speaker review,"no exact match in processed frequency, real-word, or candidate files",needs_manual_review,candidate pool only; not final stimulus item
vớng phén nhónh,3,curated_vietnamese_safe_rime_recombination_v1,Vietnamese-marked simple orthographic syllable pattern passed; requires manual/native-speaker review,"no exact match in processed frequency, real-word, or candidate files",needs_manual_review,candidate pool only; not final stimulus item
bớp giỏc lỵt,3,curated_vietnamese_safe_rime_recombination_v1,Vietnamese-marked simple orthographic syllable pattern passed; requires manual/native-speaker review,"no exact match in processed frequency, real-word, or candidate files",needs_manual_review,candidate pool only; not final stimulus item
chỉc tợt giêt,3,curated_vietnamese_safe_rime_recombination_v1,Vietnamese-marked simple orthographic syllable pattern passed; requires manual/native-speaker review,"no exact match in processed frequency, real-word, or candidate files",needs_manual_review,candidate pool only; not final stimulus item
xơch trợnh gộc,3,curated_vietnamese_safe_rime_recombination_v1,Vietnamese-marked simple orthographic syllable pattern passed; requires manual/native-speaker review,"no exact match in processed frequency, real-word, or candidate files",needs_manual_review,candidate pool only; not final stimulus item
dửm giấp dâc,3,curated_vietnamese_safe_rime_recombination_v1,Vietnamese-marked simple orthographic syllable pattern passed; requires manual/native-speaker review,"no exact match in processed frequency, real-word, or candidate files",needs_manual_review,candidate pool only; not final stimulus item
mếp chơ nhẹnh,3,curated_vietnamese_safe_rime_recombination_v1,Vietnamese-marked simple orthographic syllable pattern passed; requires manual/native-speaker review,"no exact match in processed frequency, real-word, or candidate files",needs_manual_review,candidate pool only; not final stimulus item
rạnh phộc nât,3,curated_vietnamese_safe_rime_recombination_v1,Vietnamese-marked simple orthographic syllable pattern passed; requires manual/native-speaker review,"no exact match in processed frequency, real-word, or candidate files",needs_manual_review,candidate pool only; not final stimulus item
quốt xỉm xủt,3,curated_vietnamese_safe_rime_recombination_v1,Vietnamese-marked simple orthographic syllable pattern passed; requires manual/native-speaker review,"no exact match in processed frequency, real-word, or candidate files",needs_manual_review,candidate pool only; not final stimulus item
đửch hín tọn,3,curated_vietnamese_safe_rime_recombination_v1,Vietnamese-marked simple orthographic syllable pattern passed; requires manual/native-speaker review,"no exact match in processed frequency, real-word, or candidate files",needs_manual_review,candidate pool only; not final stimulus item
xịm rục lợng,3,curated_vietnamese_safe_rime_recombination_v1,Vietnamese-marked simple orthographic syllable pattern passed; requires manual/native-speaker review,"no exact match in processed frequency, real-word, or candidate files",needs_manual_review,candidate pool only; not final stimulus item
dôch nhệt nghých,3,curated_vietnamese_safe_rime_recombination_v1,Vietnamese-marked simple orthographic syllable pattern passed; requires manual/native-speaker review,"no exact match in processed frequency, real-word, or candidate files",needs_manual_review,candidate pool only; not final stimulus item
lấch quơn lủnh ăt,4,curated_vietnamese_safe_rime_recombination_v1,Vietnamese-marked simple orthographic syllable pattern passed; requires manual/native-speaker review,"no exact match in processed frequency, real-word, or candidate files",needs_manual_review,candidate pool only; not final stimulus item
chạt giẳng giựi rịch,4,curated_vietnamese_safe_rime_recombination_v1,Vietnamese-marked simple orthographic syllable pattern passed; requires manual/native-speaker review,"no exact match in processed frequency, real-word, or candidate files",needs_manual_review,candidate pool only; not final stimulus item
gô xạnh trẻc bâch,4,curated_vietnamese_safe_rime_recombination_v1,Vietnamese-marked simple orthographic syllable pattern passed; requires manual/native-speaker review,"no exact match in processed frequency, real-word, or candidate files",needs_manual_review,candidate pool only; not final stimulus item
vêc trúi trự chỏi,4,curated_vietnamese_safe_rime_recombination_v1,Vietnamese-marked simple orthographic syllable pattern passed; requires manual/native-speaker review,"no exact match in processed frequency, real-word, or candidate files",needs_manual_review,candidate pool only; not final stimulus item
đót nghếm gưp ngọi,4,curated_vietnamese_safe_rime_recombination_v1,Vietnamese-marked simple orthographic syllable pattern passed; requires manual/native-speaker review,"no exact match in processed frequency, real-word, or candidate files",needs_manual_review,candidate pool only; not final stimulus item
ngẩc giânh xỉnh hạo,4,curated_vietnamese_safe_rime_recombination_v1,Vietnamese-marked simple orthographic syllable pattern passed; requires manual/native-speaker review,"no exact match in processed frequency, real-word, or candidate files",needs_manual_review,candidate pool only; not final stimulus item
chẩp nghéch giợch nệp,4,curated_vietnamese_safe_rime_recombination_v1,Vietnamese-marked simple orthographic syllable pattern passed; requires manual/native-speaker review,"no exact match in processed frequency, real-word, or candidate files",needs_manual_review,candidate pool only; not final stimulus item
bự ngửnh dẳm bợc,4,curated_vietnamese_safe_rime_recombination_v1,Vietnamese-marked simple orthographic syllable pattern passed; requires manual/native-speaker review,"no exact match in processed frequency, real-word, or candidate files",needs_manual_review,candidate pool only; not final stimulus item
trúnh nhọng thớn giâng,4,curated_vietnamese_safe_rime_recombination_v1,Vietnamese-marked simple orthographic syllable pattern passed; requires manual/native-speaker review,"no exact match in processed frequency, real-word, or candidate files",needs_manual_review,candidate pool only; not final stimulus item
ựm ỷp ngứ phẩnh,4,curated_vietnamese_safe_rime_recombination_v1,Vietnamese-marked simple orthographic syllable pattern passed; requires manual/native-speaker review,"no exact match in processed frequency, real-word, or candidate files",needs_manual_review,candidate pool only; not final stimulus item
phâng xứm kên vôn,4,curated_vietnamese_safe_rime_recombination_v1,Vietnamese-marked simple orthographic syllable pattern passed; requires manual/native-speaker review,"no exact match in processed frequency, real-word, or candidate files",needs_manual_review,candidate pool only; not final stimulus item
bớn chủt giýt vủn,4,curated_vietnamese_safe_rime_recombination_v1,Vietnamese-marked simple orthographic syllable pattern passed; requires manual/native-speaker review,"no exact match in processed frequency, real-word, or candidate files",needs_manual_review,candidate pool only; not final stimulus item
nhựm đonh nhêm phịc,4,curated_vietnamese_safe_rime_recombination_v1,Vietnamese-marked simple orthographic syllable pattern passed; requires manual/native-speaker review,"no exact match in processed frequency, real-word, or candidate files",needs_manual_review,candidate pool only; not final stimulus item
bơp trịc xụm hịm,4,curated_vietnamese_safe_rime_recombination_v1,Vietnamese-marked simple orthographic syllable pattern passed; requires manual/native-speaker review,"no exact match in processed frequency, real-word, or candidate files",needs_manual_review,candidate pool only; not final stimulus item
thứm mâch trẩt giửng,4,curated_vietnamese_safe_rime_recombination_v1,Vietnamese-marked simple orthographic syllable pattern passed; requires manual/native-speaker review,"no exact match in processed frequency, real-word, or candidate files",needs_manual_review,candidate pool only; not final stimulus item
quứ nhảc mâng múng,4,curated_vietnamese_safe_rime_recombination_v1,Vietnamese-marked simple orthographic syllable pattern passed; requires manual/native-speaker review,"no exact match in processed frequency, real-word, or candidate files",needs_manual_review,candidate pool only; not final stimulus item
mêp dưch thăc vẳ,4,curated_vietnamese_safe_rime_recombination_v1,Vietnamese-marked simple orthographic syllable pattern passed; requires manual/native-speaker review,"no exact match in processed frequency, real-word, or candidate files",needs_manual_review,candidate pool only; not final stimulus item
ngânh ngỷ dơm ghỵp,4,curated_vietnamese_safe_rime_recombination_v1,Vietnamese-marked simple orthographic syllable pattern passed; requires manual/native-speaker review,"no exact match in processed frequency, real-word, or candidate files",needs_manual_review,candidate pool only; not final stimulus item
mẩch xốnh xậch gưc,4,curated_vietnamese_safe_rime_recombination_v1,Vietnamese-marked simple orthographic syllable pattern passed; requires manual/native-speaker review,"no exact match in processed frequency, real-word, or candidate files",needs_manual_review,candidate pool only; not final stimulus item
nhóch xửi giọm thấnh,4,curated_vietnamese_safe_rime_recombination_v1,Vietnamese-marked simple orthographic syllable pattern passed; requires manual/native-speaker review,"no exact match in processed frequency, real-word, or candidate files",needs_manual_review,candidate pool only; not final stimulus item
trýn nhủng thúch rêm,4,curated_vietnamese_safe_rime_recombination_v1,Vietnamese-marked simple orthographic syllable pattern passed; requires manual/native-speaker review,"no exact match in processed frequency, real-word, or candidate files",needs_manual_review,candidate pool only; not final stimulus item
giô nộn ngựng trựm,4,curated_vietnamese_safe_rime_recombination_v1,Vietnamese-marked simple orthographic syllable pattern passed; requires manual/native-speaker review,"no exact match in processed frequency, real-word, or candidate files",needs_manual_review,candidate pool only; not final stimulus item
mêng văt trựt ngịp,4,curated_vietnamese_safe_rime_recombination_v1,Vietnamese-marked simple orthographic syllable pattern passed; requires manual/native-speaker review,"no exact match in processed frequency, real-word, or candidate files",needs_manual_review,candidate pool only; not final stimulus item
sấm lín quôt lấng,4,curated_vietnamese_safe_rime_recombination_v1,Vietnamese-marked simple orthographic syllable pattern passed; requires manual/native-speaker review,"no exact match in processed frequency, real-word, or candidate files",needs_manual_review,candidate pool only; not final stimulus item
bẩnh hín hâc lẳ,4,curated_vietnamese_safe_rime_recombination_v1,Vietnamese-marked simple orthographic syllable pattern passed; requires manual/native-speaker review,"no exact match in processed frequency, real-word, or candidate files",needs_manual_review,candidate pool only; not final stimulus item
hâc vắp giêp mýn,4,curated_vietnamese_safe_rime_recombination_v1,Vietnamese-marked simple orthographic syllable pattern passed; requires manual/native-speaker review,"no exact match in processed frequency, real-word, or candidate files",needs_manual_review,candidate pool only; not final stimulus item
lỷn mếnh quỵc giứp,4,curated_vietnamese_safe_rime_recombination_v1,Vietnamese-marked simple orthographic syllable pattern passed; requires manual/native-speaker review,"no exact match in processed frequency, real-word, or candidate files",needs_manual_review,candidate pool only; not final stimulus item
kẻnh dúch quỷc gứ,4,curated_vietnamese_safe_rime_recombination_v1,Vietnamese-marked simple orthographic syllable pattern passed; requires manual/native-speaker review,"no exact match in processed frequency, real-word, or candidate files",needs_manual_review,candidate pool only; not final stimulus item
giẩnh mệ nẳc quể,4,curated_vietnamese_safe_rime_recombination_v1,Vietnamese-marked simple orthographic syllable pattern passed; requires manual/native-speaker review,"no exact match in processed frequency, real-word, or candidate files",needs_manual_review,candidate pool only; not final stimulus item
mệch chúp gẩn ngởch,4,curated_vietnamese_safe_rime_recombination_v1,Vietnamese-marked simple orthographic syllable pattern passed; requires manual/native-speaker review,"no exact match in processed frequency, real-word, or candidate files",needs_manual_review,candidate pool only; not final stimulus item
sỏm díc hị tẳp,4,curated_vietnamese_safe_rime_recombination_v1,Vietnamese-marked simple orthographic syllable pattern passed; requires manual/native-speaker review,"no exact match in processed frequency, real-word, or candidate files",needs_manual_review,candidate pool only; not final stimulus item
đôc cởnh phât ụi,4,curated_vietnamese_safe_rime_recombination_v1,Vietnamese-marked simple orthographic syllable pattern passed; requires manual/native-speaker review,"no exact match in processed frequency, real-word, or candidate files",needs_manual_review,candidate pool only; not final stimulus item
gửng mủp ứi sưn,4,curated_vietnamese_safe_rime_recombination_v1,Vietnamese-marked simple orthographic syllable pattern passed; requires manual/native-speaker review,"no exact match in processed frequency, real-word, or candidate files",needs_manual_review,candidate pool only; not final stimulus item
tạnh nưnh lủnh nảm,4,curated_vietnamese_safe_rime_recombination_v1,Vietnamese-marked simple orthographic syllable pattern passed; requires manual/native-speaker review,"no exact match in processed frequency, real-word, or candidate files",needs_manual_review,candidate pool only; not final stimulus item
đẹng hỉc dẹn đỏch,4,curated_vietnamese_safe_rime_recombination_v1,Vietnamese-marked simple orthographic syllable pattern passed; requires manual/native-speaker review,"no exact match in processed frequency, real-word, or candidate files",needs_manual_review,candidate pool only; not final stimulus item
ụt phẹ trởc họt,4,curated_vietnamese_safe_rime_recombination_v1,Vietnamese-marked simple orthographic syllable pattern passed; requires manual/native-speaker review,"no exact match in processed frequency, real-word, or candidate files",needs_manual_review,candidate pool only; not final stimulus item
ríp chủch trỵch xâch,4,curated_vietnamese_safe_rime_recombination_v1,Vietnamese-marked simple orthographic syllable pattern passed; requires manual/native-speaker review,"no exact match in processed frequency, real-word, or candidate files",needs_manual_review,candidate pool only; not final stimulus item
ủn sơm mổm chưnh,4,curated_vietnamese_safe_rime_recombination_v1,Vietnamese-marked simple orthographic syllable pattern passed; requires manual/native-speaker review,"no exact match in processed frequency, real-word, or candidate files",needs_manual_review,candidate pool only; not final stimulus item
vúnh mỵt đét chửc,4,curated_vietnamese_safe_rime_recombination_v1,Vietnamese-marked simple orthographic syllable pattern passed; requires manual/native-speaker review,"no exact match in processed frequency, real-word, or candidate files",needs_manual_review,candidate pool only; not final stimulus item
dửch giỉp quấp xặm,4,curated_vietnamese_safe_rime_recombination_v1,Vietnamese-marked simple orthographic syllable pattern passed; requires manual/native-speaker review,"no exact match in processed frequency, real-word, or candidate files",needs_manual_review,candidate pool only; not final stimulus item
nhến quấm xẻnh ghỷnh,4,curated_vietnamese_safe_rime_recombination_v1,Vietnamese-marked simple orthographic syllable pattern passed; requires manual/native-speaker review,"no exact match in processed frequency, real-word, or candidate files",needs_manual_review,candidate pool only; not final stimulus item
nghỵn đôc dăng quỷp,4,curated_vietnamese_safe_rime_recombination_v1,Vietnamese-marked simple orthographic syllable pattern passed; requires manual/native-speaker review,"no exact match in processed frequency, real-word, or candidate files",needs_manual_review,candidate pool only; not final stimulus item
giôn dửn hảc phắp,4,curated_vietnamese_safe_rime_recombination_v1,Vietnamese-marked simple orthographic syllable pattern passed; requires manual/native-speaker review,"no exact match in processed frequency, real-word, or candidate files",needs_manual_review,candidate pool only; not final stimulus item
chúch vôp phựp trưc,4,curated_vietnamese_safe_rime_recombination_v1,Vietnamese-marked simple orthographic syllable pattern passed; requires manual/native-speaker review,"no exact match in processed frequency, real-word, or candidate files",needs_manual_review,candidate pool only; not final stimulus item
trúm sóm mín ặt,4,curated_vietnamese_safe_rime_recombination_v1,Vietnamese-marked simple orthographic syllable pattern passed; requires manual/native-speaker review,"no exact match in processed frequency, real-word, or candidate files",needs_manual_review,candidate pool only; not final stimulus item
thặng dổc cậng hén,4,curated_vietnamese_safe_rime_recombination_v1,Vietnamese-marked simple orthographic syllable pattern passed; requires manual/native-speaker review,"no exact match in processed frequency, real-word, or candidate files",needs_manual_review,candidate pool only; not final stimulus item
thâ nhểch trứt xơch,4,curated_vietnamese_safe_rime_recombination_v1,Vietnamese-marked simple orthographic syllable pattern passed; requires manual/native-speaker review,"no exact match in processed frequency, real-word, or candidate files",needs_manual_review,candidate pool only; not final stimulus item
ngẻp théch bíc nghẹng,4,curated_vietnamese_safe_rime_recombination_v1,Vietnamese-marked simple orthographic syllable pattern passed; requires manual/native-speaker review,"no exact match in processed frequency, real-word, or candidate files",needs_manual_review,candidate pool only; not final stimulus item
quếp đuch gúc dớng,4,curated_vietnamese_safe_rime_recombination_v1,Vietnamese-marked simple orthographic syllable pattern passed; requires manual/native-speaker review,"no exact match in processed frequency, real-word, or candidate files",needs_manual_review,candidate pool only; not final stimulus item
ghẹnh mấch câng kệp,4,curated_vietnamese_safe_rime_recombination_v1,Vietnamese-marked simple orthographic syllable pattern passed; requires manual/native-speaker review,"no exact match in processed frequency, real-word, or candidate files",needs_manual_review,candidate pool only; not final stimulus item
ýc nghểp sônh chởm,4,curated_vietnamese_safe_rime_recombination_v1,Vietnamese-marked simple orthographic syllable pattern passed; requires manual/native-speaker review,"no exact match in processed frequency, real-word, or candidate files",needs_manual_review,candidate pool only; not final stimulus item
xệc phặ phêng trúi,4,curated_vietnamese_safe_rime_recombination_v1,Vietnamese-marked simple orthographic syllable pattern passed; requires manual/native-speaker review,"no exact match in processed frequency, real-word, or candidate files",needs_manual_review,candidate pool only; not final stimulus item
trấp léng nghéo ngựt,4,curated_vietnamese_safe_rime_recombination_v1,Vietnamese-marked simple orthographic syllable pattern passed; requires manual/native-speaker review,"no exact match in processed frequency, real-word, or candidate files",needs_manual_review,candidate pool only; not final stimulus item
mặm măc ởch lích,4,curated_vietnamese_safe_rime_recombination_v1,Vietnamese-marked simple orthographic syllable pattern passed; requires manual/native-speaker review,"no exact match in processed frequency, real-word, or candidate files",needs_manual_review,candidate pool only; not final stimulus item
đim mứng dỷp chự,4,curated_vietnamese_safe_rime_recombination_v1,Vietnamese-marked simple orthographic syllable pattern passed; requires manual/native-speaker review,"no exact match in processed frequency, real-word, or candidate files",needs_manual_review,candidate pool only; not final stimulus item
ghỷch sảc cởp xẹch,4,curated_vietnamese_safe_rime_recombination_v1,Vietnamese-marked simple orthographic syllable pattern passed; requires manual/native-speaker review,"no exact match in processed frequency, real-word, or candidate files",needs_manual_review,candidate pool only; not final stimulus item
thậng dụch cộm quập,4,curated_vietnamese_safe_rime_recombination_v1,Vietnamese-marked simple orthographic syllable pattern passed; requires manual/native-speaker review,"no exact match in processed frequency, real-word, or candidate files",needs_manual_review,candidate pool only; not final stimulus item
đổt họn ngểm gớnh,4,curated_vietnamese_safe_rime_recombination_v1,Vietnamese-marked simple orthographic syllable pattern passed; requires manual/native-speaker review,"no exact match in processed frequency, real-word, or candidate files",needs_manual_review,candidate pool only; not final stimulus item
giẳ nhỉch nghíc phôch,4,curated_vietnamese_safe_rime_recombination_v1,Vietnamese-marked simple orthographic syllable pattern passed; requires manual/native-speaker review,"no exact match in processed frequency, real-word, or candidate files",needs_manual_review,candidate pool only; not final stimulus item
gớp nhểm giêm bỏn,4,curated_vietnamese_safe_rime_recombination_v1,Vietnamese-marked simple orthographic syllable pattern passed; requires manual/native-speaker review,"no exact match in processed frequency, real-word, or candidate files",needs_manual_review,candidate pool only; not final stimulus item
bôc lẻch bét nghín,4,curated_vietnamese_safe_rime_recombination_v1,Vietnamese-marked simple orthographic syllable pattern passed; requires manual/native-speaker review,"no exact match in processed frequency, real-word, or candidate files",needs_manual_review,candidate pool only; not final stimulus item
nhửch xơm ngộnh sệch,4,curated_vietnamese_safe_rime_recombination_v1,Vietnamese-marked simple orthographic syllable pattern passed; requires manual/native-speaker review,"no exact match in processed frequency, real-word, or candidate files",needs_manual_review,candidate pool only; not final stimulus item
dấch rơp phểc xợnh,4,curated_vietnamese_safe_rime_recombination_v1,Vietnamese-marked simple orthographic syllable pattern passed; requires manual/native-speaker review,"no exact match in processed frequency, real-word, or candidate files",needs_manual_review,candidate pool only; not final stimulus item
gớp nợch quựt giệng,4,curated_vietnamese_safe_rime_recombination_v1,Vietnamese-marked simple orthographic syllable pattern passed; requires manual/native-speaker review,"no exact match in processed frequency, real-word, or candidate files",needs_manual_review,candidate pool only; not final stimulus item
ngựnh nghýn nghểc ghỷc,4,curated_vietnamese_safe_rime_recombination_v1,Vietnamese-marked simple orthographic syllable pattern passed; requires manual/native-speaker review,"no exact match in processed frequency, real-word, or candidate files",needs_manual_review,candidate pool only; not final stimulus item
giự thún nhệp tỏc,4,curated_vietnamese_safe_rime_recombination_v1,Vietnamese-marked simple orthographic syllable pattern passed; requires manual/native-speaker review,"no exact match in processed frequency, real-word, or candidate files",needs_manual_review,candidate pool only; not final stimulus item
chớng chẹc ẻp ngỵc,4,curated_vietnamese_safe_rime_recombination_v1,Vietnamese-marked simple orthographic syllable pattern passed; requires manual/native-speaker review,"no exact match in processed frequency, real-word, or candidate files",needs_manual_review,candidate pool only; not final stimulus item
dạp chủc đânh giêch,4,curated_vietnamese_safe_rime_recombination_v1,Vietnamese-marked simple orthographic syllable pattern passed; requires manual/native-speaker review,"no exact match in processed frequency, real-word, or candidate files",needs_manual_review,candidate pool only; not final stimulus item
giơng mă tọc vổ,4,curated_vietnamese_safe_rime_recombination_v1,Vietnamese-marked simple orthographic syllable pattern passed; requires manual/native-speaker review,"no exact match in processed frequency, real-word, or candidate files",needs_manual_review,candidate pool only; not final stimulus item
dợc sốn phểp mụng,4,curated_vietnamese_safe_rime_recombination_v1,Vietnamese-marked simple orthographic syllable pattern passed; requires manual/native-speaker review,"no exact match in processed frequency, real-word, or candidate files",needs_manual_review,candidate pool only; not final stimulus item
phựnh vựch ịnh tỏc,4,curated_vietnamese_safe_rime_recombination_v1,Vietnamese-marked simple orthographic syllable pattern passed; requires manual/native-speaker review,"no exact match in processed frequency, real-word, or candidate files",needs_manual_review,candidate pool only; not final stimulus item
chợm vỉnh vỉch gẩng,4,curated_vietnamese_safe_rime_recombination_v1,Vietnamese-marked simple orthographic syllable pattern passed; requires manual/native-speaker review,"no exact match in processed frequency, real-word, or candidate files",needs_manual_review,candidate pool only; not final stimulus item
tẩng phậm thíu ngệt,4,curated_vietnamese_safe_rime_recombination_v1,Vietnamese-marked simple orthographic syllable pattern passed; requires manual/native-speaker review,"no exact match in processed frequency, real-word, or candidate files",needs_manual_review,candidate pool only; not final stimulus item
réc giểt vợnh quơnh,4,curated_vietnamese_safe_rime_recombination_v1,Vietnamese-marked simple orthographic syllable pattern passed; requires manual/native-speaker review,"no exact match in processed frequency, real-word, or candidate files",needs_manual_review,candidate pool only; not final stimulus item
rảo nủnh rựn dởn,4,curated_vietnamese_safe_rime_recombination_v1,Vietnamese-marked simple orthographic syllable pattern passed; requires manual/native-speaker review,"no exact match in processed frequency, real-word, or candidate files",needs_manual_review,candidate pool only; not final stimulus item
ngéng hảt phóc chắm,4,curated_vietnamese_safe_rime_recombination_v1,Vietnamese-marked simple orthographic syllable pattern passed; requires manual/native-speaker review,"no exact match in processed frequency, real-word, or candidate files",needs_manual_review,candidate pool only; not final stimulus item
phệc ghểt ngê đợ,4,curated_vietnamese_safe_rime_recombination_v1,Vietnamese-marked simple orthographic syllable pattern passed; requires manual/native-speaker review,"no exact match in processed frequency, real-word, or candidate files",needs_manual_review,candidate pool only; not final stimulus item
mẳm mử phăc xợn,4,curated_vietnamese_safe_rime_recombination_v1,Vietnamese-marked simple orthographic syllable pattern passed; requires manual/native-speaker review,"no exact match in processed frequency, real-word, or candidate files",needs_manual_review,candidate pool only; not final stimulus item
gỏc bẩng xởt giơn,4,curated_vietnamese_safe_rime_recombination_v1,Vietnamese-marked simple orthographic syllable pattern passed; requires manual/native-speaker review,"no exact match in processed frequency, real-word, or candidate files",needs_manual_review,candidate pool only; not final stimulus item
xấch vơt quểch gụp,4,curated_vietnamese_safe_rime_recombination_v1,Vietnamese-marked simple orthographic syllable pattern passed; requires manual/native-speaker review,"no exact match in processed frequency, real-word, or candidate files",needs_manual_review,candidate pool only; not final stimulus item
đảp vẳm lợnh ghệ,4,curated_vietnamese_safe_rime_recombination_v1,Vietnamese-marked simple orthographic syllable pattern passed; requires manual/native-speaker review,"no exact match in processed frequency, real-word, or candidate files",needs_manual_review,candidate pool only; not final stimulus item
quă quín nhônh dắng,4,curated_vietnamese_safe_rime_recombination_v1,Vietnamese-marked simple orthographic syllable pattern passed; requires manual/native-speaker review,"no exact match in processed frequency, real-word, or candidate files",needs_manual_review,candidate pool only; not final stimulus item
giợt vậm chựm mủt,4,curated_vietnamese_safe_rime_recombination_v1,Vietnamese-marked simple orthographic syllable pattern passed; requires manual/native-speaker review,"no exact match in processed frequency, real-word, or candidate files",needs_manual_review,candidate pool only; not final stimulus item
cúnh nghẹm hýn ngíc,4,curated_vietnamese_safe_rime_recombination_v1,Vietnamese-marked simple orthographic syllable pattern passed; requires manual/native-speaker review,"no exact match in processed frequency, real-word, or candidate files",needs_manual_review,candidate pool only; not final stimulus item
sý kệp ỵnh giýt,4,curated_vietnamese_safe_rime_recombination_v1,Vietnamese-marked simple orthographic syllable pattern passed; requires manual/native-speaker review,"no exact match in processed frequency, real-word, or candidate files",needs_manual_review,candidate pool only; not final stimulus item
ghýt ngẹ chât chêch,4,curated_vietnamese_safe_rime_recombination_v1,Vietnamese-marked simple orthographic syllable pattern passed; requires manual/native-speaker review,"no exact match in processed frequency, real-word, or candidate files",needs_manual_review,candidate pool only; not final stimulus item
vểp rẹn phỷn nghỵnh,4,curated_vietnamese_safe_rime_recombination_v1,Vietnamese-marked simple orthographic syllable pattern passed; requires manual/native-speaker review,"no exact match in processed frequency, real-word, or candidate files",needs_manual_review,candidate pool only; not final stimulus item
chấch mểch cửp nhọch,4,curated_vietnamese_safe_rime_recombination_v1,Vietnamese-marked simple orthographic syllable pattern passed; requires manual/native-speaker review,"no exact match in processed frequency, real-word, or candidate files",needs_manual_review,candidate pool only; not final stimulus item
quẳp lấ nựt giặp,4,curated_vietnamese_safe_rime_recombination_v1,Vietnamese-marked simple orthographic syllable pattern passed; requires manual/native-speaker review,"no exact match in processed frequency, real-word, or candidate files",needs_manual_review,candidate pool only; not final stimulus item
sổm rếp quịch phíc,4,curated_vietnamese_safe_rime_recombination_v1,Vietnamese-marked simple orthographic syllable pattern passed; requires manual/native-speaker review,"no exact match in processed frequency, real-word, or candidate files",needs_manual_review,candidate pool only; not final stimulus item
