pseudoword,syllable_length,quality_flag,source_method,pronounceability_note,corpus_match_status,review_status,notes
chéch,1,high,v2_curated_vietnamese_onset_rime_recombination,Vietnamese-marked onset-rime syllable pattern passed; requires manual/native-speaker review,"no exact match in processed frequency, candidate-pool, or final real-word files",needs_manual_review,candidate pool only; not final pseudoword stimulus item
thẹch,1,high,v2_curated_vietnamese_onset_rime_recombination,Vietnamese-marked onset-rime syllable pattern passed; requires manual/native-speaker review,"no exact match in processed frequency, candidate-pool, or final real-word files",needs_manual_review,candidate pool only; not final pseudoword stimulus item
phỷn,1,high,v2_curated_vietnamese_onset_rime_recombination,Vietnamese-marked onset-rime syllable pattern passed; requires manual/native-speaker review,"no exact match in processed frequency, candidate-pool, or final real-word files",needs_manual_review,candidate pool only; not final pseudoword stimulus item
đải,1,medium,v2_curated_vietnamese_onset_rime_recombination,Vietnamese-marked onset-rime syllable pattern passed; requires manual/native-speaker review,"no exact match in processed frequency, candidate-pool, or final real-word files",needs_manual_review,candidate pool only; not final pseudoword stimulus item
týt,1,high,v2_curated_vietnamese_onset_rime_recombination,Vietnamese-marked onset-rime syllable pattern passed; requires manual/native-speaker review,"no exact match in processed frequency, candidate-pool, or final real-word files",needs_manual_review,candidate pool only; not final pseudoword stimulus item
kểp,1,high,v2_curated_vietnamese_onset_rime_recombination,Vietnamese-marked onset-rime syllable pattern passed; requires manual/native-speaker review,"no exact match in processed frequency, candidate-pool, or final real-word files",needs_manual_review,candidate pool only; not final pseudoword stimulus item
chủi,1,high,v2_curated_vietnamese_onset_rime_recombination,Vietnamese-marked onset-rime syllable pattern passed; requires manual/native-speaker review,"no exact match in processed frequency, candidate-pool, or final real-word files",needs_manual_review,candidate pool only; not final pseudoword stimulus item
thưn,1,high,v2_curated_vietnamese_onset_rime_recombination,Vietnamese-marked onset-rime syllable pattern passed; requires manual/native-speaker review,"no exact match in processed frequency, candidate-pool, or final real-word files",needs_manual_review,candidate pool only; not final pseudoword stimulus item
nhảp,1,high,v2_curated_vietnamese_onset_rime_recombination,Vietnamese-marked onset-rime syllable pattern passed; requires manual/native-speaker review,"no exact match in processed frequency, candidate-pool, or final real-word files",needs_manual_review,candidate pool only; not final pseudoword stimulus item
ghên,1,high,v2_curated_vietnamese_onset_rime_recombination,Vietnamese-marked onset-rime syllable pattern passed; requires manual/native-speaker review,"no exact match in processed frequency, candidate-pool, or final real-word files",needs_manual_review,candidate pool only; not final pseudoword stimulus item
nhẻnh,1,high,v2_curated_vietnamese_onset_rime_recombination,Vietnamese-marked onset-rime syllable pattern passed; requires manual/native-speaker review,"no exact match in processed frequency, candidate-pool, or final real-word files",needs_manual_review,candidate pool only; not final pseudoword stimulus item
ớch,1,high,v2_curated_vietnamese_onset_rime_recombination,Vietnamese-marked onset-rime syllable pattern passed; requires manual/native-speaker review,"no exact match in processed frequency, candidate-pool, or final real-word files",needs_manual_review,candidate pool only; not final pseudoword stimulus item
cứi,1,medium,v2_curated_vietnamese_onset_rime_recombination,Vietnamese-marked onset-rime syllable pattern passed; requires manual/native-speaker review,"no exact match in processed frequency, candidate-pool, or final real-word files",needs_manual_review,candidate pool only; not final pseudoword stimulus item
bựn,1,high,v2_curated_vietnamese_onset_rime_recombination,Vietnamese-marked onset-rime syllable pattern passed; requires manual/native-speaker review,"no exact match in processed frequency, candidate-pool, or final real-word files",needs_manual_review,candidate pool only; not final pseudoword stimulus item
nghẹch,1,high,v2_curated_vietnamese_onset_rime_recombination,Vietnamese-marked onset-rime syllable pattern passed; requires manual/native-speaker review,"no exact match in processed frequency, candidate-pool, or final real-word files",needs_manual_review,candidate pool only; not final pseudoword stimulus item
hảc,1,high,v2_curated_vietnamese_onset_rime_recombination,Vietnamese-marked onset-rime syllable pattern passed; requires manual/native-speaker review,"no exact match in processed frequency, candidate-pool, or final real-word files",needs_manual_review,candidate pool only; not final pseudoword stimulus item
giẹch,1,high,v2_curated_vietnamese_onset_rime_recombination,Vietnamese-marked onset-rime syllable pattern passed; requires manual/native-speaker review,"no exact match in processed frequency, candidate-pool, or final real-word files",needs_manual_review,candidate pool only; not final pseudoword stimulus item
nhểm,1,high,v2_curated_vietnamese_onset_rime_recombination,Vietnamese-marked onset-rime syllable pattern passed; requires manual/native-speaker review,"no exact match in processed frequency, candidate-pool, or final real-word files",needs_manual_review,candidate pool only; not final pseudoword stimulus item
chổm,1,high,v2_curated_vietnamese_onset_rime_recombination,Vietnamese-marked onset-rime syllable pattern passed; requires manual/native-speaker review,"no exact match in processed frequency, candidate-pool, or final real-word files",needs_manual_review,candidate pool only; not final pseudoword stimulus item
trắt,1,high,v2_curated_vietnamese_onset_rime_recombination,Vietnamese-marked onset-rime syllable pattern passed; requires manual/native-speaker review,"no exact match in processed frequency, candidate-pool, or final real-word files",needs_manual_review,candidate pool only; not final pseudoword stimulus item
lứt,1,high,v2_curated_vietnamese_onset_rime_recombination,Vietnamese-marked onset-rime syllable pattern passed; requires manual/native-speaker review,"no exact match in processed frequency, candidate-pool, or final real-word files",needs_manual_review,candidate pool only; not final pseudoword stimulus item
lịnh,1,high,v2_curated_vietnamese_onset_rime_recombination,Vietnamese-marked onset-rime syllable pattern passed; requires manual/native-speaker review,"no exact match in processed frequency, candidate-pool, or final real-word files",needs_manual_review,candidate pool only; not final pseudoword stimulus item
xộng,1,medium,v2_curated_vietnamese_onset_rime_recombination,Vietnamese-marked onset-rime syllable pattern passed; requires manual/native-speaker review,"no exact match in processed frequency, candidate-pool, or final real-word files",needs_manual_review,candidate pool only; not final pseudoword stimulus item
ản,1,medium,v2_curated_vietnamese_onset_rime_recombination,Vietnamese-marked onset-rime syllable pattern passed; requires manual/native-speaker review,"no exact match in processed frequency, candidate-pool, or final real-word files",needs_manual_review,candidate pool only; not final pseudoword stimulus item
ểp,1,medium,v2_curated_vietnamese_onset_rime_recombination,Vietnamese-marked onset-rime syllable pattern passed; requires manual/native-speaker review,"no exact match in processed frequency, candidate-pool, or final real-word files",needs_manual_review,candidate pool only; not final pseudoword stimulus item
giởm,1,high,v2_curated_vietnamese_onset_rime_recombination,Vietnamese-marked onset-rime syllable pattern passed; requires manual/native-speaker review,"no exact match in processed frequency, candidate-pool, or final real-word files",needs_manual_review,candidate pool only; not final pseudoword stimulus item
hât,1,high,v2_curated_vietnamese_onset_rime_recombination,Vietnamese-marked onset-rime syllable pattern passed; requires manual/native-speaker review,"no exact match in processed frequency, candidate-pool, or final real-word files",needs_manual_review,candidate pool only; not final pseudoword stimulus item
xâch,1,medium,v2_curated_vietnamese_onset_rime_recombination,Vietnamese-marked onset-rime syllable pattern passed; requires manual/native-speaker review,"no exact match in processed frequency, candidate-pool, or final real-word files",needs_manual_review,candidate pool only; not final pseudoword stimulus item
gúng,1,high,v2_curated_vietnamese_onset_rime_recombination,Vietnamese-marked onset-rime syllable pattern passed; requires manual/native-speaker review,"no exact match in processed frequency, candidate-pool, or final real-word files",needs_manual_review,candidate pool only; not final pseudoword stimulus item
cửch,1,high,v2_curated_vietnamese_onset_rime_recombination,Vietnamese-marked onset-rime syllable pattern passed; requires manual/native-speaker review,"no exact match in processed frequency, candidate-pool, or final real-word files",needs_manual_review,candidate pool only; not final pseudoword stimulus item
dệm,1,high,v2_curated_vietnamese_onset_rime_recombination,Vietnamese-marked onset-rime syllable pattern passed; requires manual/native-speaker review,"no exact match in processed frequency, candidate-pool, or final real-word files",needs_manual_review,candidate pool only; not final pseudoword stimulus item
vậch,1,high,v2_curated_vietnamese_onset_rime_recombination,Vietnamese-marked onset-rime syllable pattern passed; requires manual/native-speaker review,"no exact match in processed frequency, candidate-pool, or final real-word files",needs_manual_review,candidate pool only; not final pseudoword stimulus item
nghíp,1,high,v2_curated_vietnamese_onset_rime_recombination,Vietnamese-marked onset-rime syllable pattern passed; requires manual/native-speaker review,"no exact match in processed frequency, candidate-pool, or final real-word files",needs_manual_review,candidate pool only; not final pseudoword stimulus item
vủch,1,high,v2_curated_vietnamese_onset_rime_recombination,Vietnamese-marked onset-rime syllable pattern passed; requires manual/native-speaker review,"no exact match in processed frequency, candidate-pool, or final real-word files",needs_manual_review,candidate pool only; not final pseudoword stimulus item
bỷc,1,high,v2_curated_vietnamese_onset_rime_recombination,Vietnamese-marked onset-rime syllable pattern passed; requires manual/native-speaker review,"no exact match in processed frequency, candidate-pool, or final real-word files",needs_manual_review,candidate pool only; not final pseudoword stimulus item
giấp,1,high,v2_curated_vietnamese_onset_rime_recombination,Vietnamese-marked onset-rime syllable pattern passed; requires manual/native-speaker review,"no exact match in processed frequency, candidate-pool, or final real-word files",needs_manual_review,candidate pool only; not final pseudoword stimulus item
bủm,1,high,v2_curated_vietnamese_onset_rime_recombination,Vietnamese-marked onset-rime syllable pattern passed; requires manual/native-speaker review,"no exact match in processed frequency, candidate-pool, or final real-word files",needs_manual_review,candidate pool only; not final pseudoword stimulus item
thỷch,1,high,v2_curated_vietnamese_onset_rime_recombination,Vietnamese-marked onset-rime syllable pattern passed; requires manual/native-speaker review,"no exact match in processed frequency, candidate-pool, or final real-word files",needs_manual_review,candidate pool only; not final pseudoword stimulus item
dứn,1,high,v2_curated_vietnamese_onset_rime_recombination,Vietnamese-marked onset-rime syllable pattern passed; requires manual/native-speaker review,"no exact match in processed frequency, candidate-pool, or final real-word files",needs_manual_review,candidate pool only; not final pseudoword stimulus item
xỏch,1,medium,v2_curated_vietnamese_onset_rime_recombination,Vietnamese-marked onset-rime syllable pattern passed; requires manual/native-speaker review,"no exact match in processed frequency, candidate-pool, or final real-word files",needs_manual_review,candidate pool only; not final pseudoword stimulus item
nấp,1,high,v2_curated_vietnamese_onset_rime_recombination,Vietnamese-marked onset-rime syllable pattern passed; requires manual/native-speaker review,"no exact match in processed frequency, candidate-pool, or final real-word files",needs_manual_review,candidate pool only; not final pseudoword stimulus item
ngâng,1,high,v2_curated_vietnamese_onset_rime_recombination,Vietnamese-marked onset-rime syllable pattern passed; requires manual/native-speaker review,"no exact match in processed frequency, candidate-pool, or final real-word files",needs_manual_review,candidate pool only; not final pseudoword stimulus item
trịn,1,high,v2_curated_vietnamese_onset_rime_recombination,Vietnamese-marked onset-rime syllable pattern passed; requires manual/native-speaker review,"no exact match in processed frequency, candidate-pool, or final real-word files",needs_manual_review,candidate pool only; not final pseudoword stimulus item
tủng,1,high,v2_curated_vietnamese_onset_rime_recombination,Vietnamese-marked onset-rime syllable pattern passed; requires manual/native-speaker review,"no exact match in processed frequency, candidate-pool, or final real-word files",needs_manual_review,candidate pool only; not final pseudoword stimulus item
hẩn,1,high,v2_curated_vietnamese_onset_rime_recombination,Vietnamese-marked onset-rime syllable pattern passed; requires manual/native-speaker review,"no exact match in processed frequency, candidate-pool, or final real-word files",needs_manual_review,candidate pool only; not final pseudoword stimulus item
trọp,1,high,v2_curated_vietnamese_onset_rime_recombination,Vietnamese-marked onset-rime syllable pattern passed; requires manual/native-speaker review,"no exact match in processed frequency, candidate-pool, or final real-word files",needs_manual_review,candidate pool only; not final pseudoword stimulus item
sợm,1,medium,v2_curated_vietnamese_onset_rime_recombination,Vietnamese-marked onset-rime syllable pattern passed; requires manual/native-speaker review,"no exact match in processed frequency, candidate-pool, or final real-word files",needs_manual_review,candidate pool only; not final pseudoword stimulus item
quíp,1,high,v2_curated_vietnamese_onset_rime_recombination,Vietnamese-marked onset-rime syllable pattern passed; requires manual/native-speaker review,"no exact match in processed frequency, candidate-pool, or final real-word files",needs_manual_review,candidate pool only; not final pseudoword stimulus item
quổnh,1,high,v2_curated_vietnamese_onset_rime_recombination,Vietnamese-marked onset-rime syllable pattern passed; requires manual/native-speaker review,"no exact match in processed frequency, candidate-pool, or final real-word files",needs_manual_review,candidate pool only; not final pseudoword stimulus item
đuch,1,high,v2_curated_vietnamese_onset_rime_recombination,Vietnamese-marked onset-rime syllable pattern passed; requires manual/native-speaker review,"no exact match in processed frequency, candidate-pool, or final real-word files",needs_manual_review,candidate pool only; not final pseudoword stimulus item
tổp,1,high,v2_curated_vietnamese_onset_rime_recombination,Vietnamese-marked onset-rime syllable pattern passed; requires manual/native-speaker review,"no exact match in processed frequency, candidate-pool, or final real-word files",needs_manual_review,candidate pool only; not final pseudoword stimulus item
xạm,1,medium,v2_curated_vietnamese_onset_rime_recombination,Vietnamese-marked onset-rime syllable pattern passed; requires manual/native-speaker review,"no exact match in processed frequency, candidate-pool, or final real-word files",needs_manual_review,candidate pool only; not final pseudoword stimulus item
véng,1,high,v2_curated_vietnamese_onset_rime_recombination,Vietnamese-marked onset-rime syllable pattern passed; requires manual/native-speaker review,"no exact match in processed frequency, candidate-pool, or final real-word files",needs_manual_review,candidate pool only; not final pseudoword stimulus item
vể,1,low,v2_curated_vietnamese_onset_rime_recombination,Vietnamese-marked onset-rime syllable pattern passed; requires manual/native-speaker review,"no exact match in processed frequency, candidate-pool, or final real-word files",needs_manual_review,candidate pool only; not final pseudoword stimulus item
phỉt,1,high,v2_curated_vietnamese_onset_rime_recombination,Vietnamese-marked onset-rime syllable pattern passed; requires manual/native-speaker review,"no exact match in processed frequency, candidate-pool, or final real-word files",needs_manual_review,candidate pool only; not final pseudoword stimulus item
xụn,1,medium,v2_curated_vietnamese_onset_rime_recombination,Vietnamese-marked onset-rime syllable pattern passed; requires manual/native-speaker review,"no exact match in processed frequency, candidate-pool, or final real-word files",needs_manual_review,candidate pool only; not final pseudoword stimulus item
ngửc,1,high,v2_curated_vietnamese_onset_rime_recombination,Vietnamese-marked onset-rime syllable pattern passed; requires manual/native-speaker review,"no exact match in processed frequency, candidate-pool, or final real-word files",needs_manual_review,candidate pool only; not final pseudoword stimulus item
dực,1,high,v2_curated_vietnamese_onset_rime_recombination,Vietnamese-marked onset-rime syllable pattern passed; requires manual/native-speaker review,"no exact match in processed frequency, candidate-pool, or final real-word files",needs_manual_review,candidate pool only; not final pseudoword stimulus item
ngỉu,1,medium,v2_curated_vietnamese_onset_rime_recombination,Vietnamese-marked onset-rime syllable pattern passed; requires manual/native-speaker review,"no exact match in processed frequency, candidate-pool, or final real-word files",needs_manual_review,candidate pool only; not final pseudoword stimulus item
nghéng,1,high,v2_curated_vietnamese_onset_rime_recombination,Vietnamese-marked onset-rime syllable pattern passed; requires manual/native-speaker review,"no exact match in processed frequency, candidate-pool, or final real-word files",needs_manual_review,candidate pool only; not final pseudoword stimulus item
tứi,1,medium,v2_curated_vietnamese_onset_rime_recombination,Vietnamese-marked onset-rime syllable pattern passed; requires manual/native-speaker review,"no exact match in processed frequency, candidate-pool, or final real-word files",needs_manual_review,candidate pool only; not final pseudoword stimulus item
ựt,1,medium,v2_curated_vietnamese_onset_rime_recombination,Vietnamese-marked onset-rime syllable pattern passed; requires manual/native-speaker review,"no exact match in processed frequency, candidate-pool, or final real-word files",needs_manual_review,candidate pool only; not final pseudoword stimulus item
nhỵc,1,high,v2_curated_vietnamese_onset_rime_recombination,Vietnamese-marked onset-rime syllable pattern passed; requires manual/native-speaker review,"no exact match in processed frequency, candidate-pool, or final real-word files",needs_manual_review,candidate pool only; not final pseudoword stimulus item
cổm,1,high,v2_curated_vietnamese_onset_rime_recombination,Vietnamese-marked onset-rime syllable pattern passed; requires manual/native-speaker review,"no exact match in processed frequency, candidate-pool, or final real-word files",needs_manual_review,candidate pool only; not final pseudoword stimulus item
giẻc,1,high,v2_curated_vietnamese_onset_rime_recombination,Vietnamese-marked onset-rime syllable pattern passed; requires manual/native-speaker review,"no exact match in processed frequency, candidate-pool, or final real-word files",needs_manual_review,candidate pool only; not final pseudoword stimulus item
giỵnh,1,high,v2_curated_vietnamese_onset_rime_recombination,Vietnamese-marked onset-rime syllable pattern passed; requires manual/native-speaker review,"no exact match in processed frequency, candidate-pool, or final real-word files",needs_manual_review,candidate pool only; not final pseudoword stimulus item
nghýn,1,high,v2_curated_vietnamese_onset_rime_recombination,Vietnamese-marked onset-rime syllable pattern passed; requires manual/native-speaker review,"no exact match in processed frequency, candidate-pool, or final real-word files",needs_manual_review,candidate pool only; not final pseudoword stimulus item
ỵp,1,medium,v2_curated_vietnamese_onset_rime_recombination,Vietnamese-marked onset-rime syllable pattern passed; requires manual/native-speaker review,"no exact match in processed frequency, candidate-pool, or final real-word files",needs_manual_review,candidate pool only; not final pseudoword stimulus item
rẩp,1,medium,v2_curated_vietnamese_onset_rime_recombination,Vietnamese-marked onset-rime syllable pattern passed; requires manual/native-speaker review,"no exact match in processed frequency, candidate-pool, or final real-word files",needs_manual_review,candidate pool only; not final pseudoword stimulus item
mán,1,high,v2_curated_vietnamese_onset_rime_recombination,Vietnamese-marked onset-rime syllable pattern passed; requires manual/native-speaker review,"no exact match in processed frequency, candidate-pool, or final real-word files",needs_manual_review,candidate pool only; not final pseudoword stimulus item
bẳp,1,high,v2_curated_vietnamese_onset_rime_recombination,Vietnamese-marked onset-rime syllable pattern passed; requires manual/native-speaker review,"no exact match in processed frequency, candidate-pool, or final real-word files",needs_manual_review,candidate pool only; not final pseudoword stimulus item
giýn,1,high,v2_curated_vietnamese_onset_rime_recombination,Vietnamese-marked onset-rime syllable pattern passed; requires manual/native-speaker review,"no exact match in processed frequency, candidate-pool, or final real-word files",needs_manual_review,candidate pool only; not final pseudoword stimulus item
nghỉch,1,high,v2_curated_vietnamese_onset_rime_recombination,Vietnamese-marked onset-rime syllable pattern passed; requires manual/native-speaker review,"no exact match in processed frequency, candidate-pool, or final real-word files",needs_manual_review,candidate pool only; not final pseudoword stimulus item
quẻc,1,high,v2_curated_vietnamese_onset_rime_recombination,Vietnamese-marked onset-rime syllable pattern passed; requires manual/native-speaker review,"no exact match in processed frequency, candidate-pool, or final real-word files",needs_manual_review,candidate pool only; not final pseudoword stimulus item
đởc,1,high,v2_curated_vietnamese_onset_rime_recombination,Vietnamese-marked onset-rime syllable pattern passed; requires manual/native-speaker review,"no exact match in processed frequency, candidate-pool, or final real-word files",needs_manual_review,candidate pool only; not final pseudoword stimulus item
ngớch,1,high,v2_curated_vietnamese_onset_rime_recombination,Vietnamese-marked onset-rime syllable pattern passed; requires manual/native-speaker review,"no exact match in processed frequency, candidate-pool, or final real-word files",needs_manual_review,candidate pool only; not final pseudoword stimulus item
đăc,1,high,v2_curated_vietnamese_onset_rime_recombination,Vietnamese-marked onset-rime syllable pattern passed; requires manual/native-speaker review,"no exact match in processed frequency, candidate-pool, or final real-word files",needs_manual_review,candidate pool only; not final pseudoword stimulus item
nhôc,1,high,v2_curated_vietnamese_onset_rime_recombination,Vietnamese-marked onset-rime syllable pattern passed; requires manual/native-speaker review,"no exact match in processed frequency, candidate-pool, or final real-word files",needs_manual_review,candidate pool only; not final pseudoword stimulus item
róm,1,medium,v2_curated_vietnamese_onset_rime_recombination,Vietnamese-marked onset-rime syllable pattern passed; requires manual/native-speaker review,"no exact match in processed frequency, candidate-pool, or final real-word files",needs_manual_review,candidate pool only; not final pseudoword stimulus item
vư,1,low,v2_curated_vietnamese_onset_rime_recombination,Vietnamese-marked onset-rime syllable pattern passed; requires manual/native-speaker review,"no exact match in processed frequency, candidate-pool, or final real-word files",needs_manual_review,candidate pool only; not final pseudoword stimulus item
giạm,1,high,v2_curated_vietnamese_onset_rime_recombination,Vietnamese-marked onset-rime syllable pattern passed; requires manual/native-speaker review,"no exact match in processed frequency, candidate-pool, or final real-word files",needs_manual_review,candidate pool only; not final pseudoword stimulus item
têp,1,high,v2_curated_vietnamese_onset_rime_recombination,Vietnamese-marked onset-rime syllable pattern passed; requires manual/native-speaker review,"no exact match in processed frequency, candidate-pool, or final real-word files",needs_manual_review,candidate pool only; not final pseudoword stimulus item
ghỵc,1,high,v2_curated_vietnamese_onset_rime_recombination,Vietnamese-marked onset-rime syllable pattern passed; requires manual/native-speaker review,"no exact match in processed frequency, candidate-pool, or final real-word files",needs_manual_review,candidate pool only; not final pseudoword stimulus item
cổnh,1,high,v2_curated_vietnamese_onset_rime_recombination,Vietnamese-marked onset-rime syllable pattern passed; requires manual/native-speaker review,"no exact match in processed frequency, candidate-pool, or final real-word files",needs_manual_review,candidate pool only; not final pseudoword stimulus item
bếm,1,high,v2_curated_vietnamese_onset_rime_recombination,Vietnamese-marked onset-rime syllable pattern passed; requires manual/native-speaker review,"no exact match in processed frequency, candidate-pool, or final real-word files",needs_manual_review,candidate pool only; not final pseudoword stimulus item
bải,1,medium,v2_curated_vietnamese_onset_rime_recombination,Vietnamese-marked onset-rime syllable pattern passed; requires manual/native-speaker review,"no exact match in processed frequency, candidate-pool, or final real-word files",needs_manual_review,candidate pool only; not final pseudoword stimulus item
quửm,1,high,v2_curated_vietnamese_onset_rime_recombination,Vietnamese-marked onset-rime syllable pattern passed; requires manual/native-speaker review,"no exact match in processed frequency, candidate-pool, or final real-word files",needs_manual_review,candidate pool only; not final pseudoword stimulus item
giệt,1,high,v2_curated_vietnamese_onset_rime_recombination,Vietnamese-marked onset-rime syllable pattern passed; requires manual/native-speaker review,"no exact match in processed frequency, candidate-pool, or final real-word files",needs_manual_review,candidate pool only; not final pseudoword stimulus item
đổt,1,high,v2_curated_vietnamese_onset_rime_recombination,Vietnamese-marked onset-rime syllable pattern passed; requires manual/native-speaker review,"no exact match in processed frequency, candidate-pool, or final real-word files",needs_manual_review,candidate pool only; not final pseudoword stimulus item
ẻn,1,medium,v2_curated_vietnamese_onset_rime_recombination,Vietnamese-marked onset-rime syllable pattern passed; requires manual/native-speaker review,"no exact match in processed frequency, candidate-pool, or final real-word files",needs_manual_review,candidate pool only; not final pseudoword stimulus item
sêc,1,medium,v2_curated_vietnamese_onset_rime_recombination,Vietnamese-marked onset-rime syllable pattern passed; requires manual/native-speaker review,"no exact match in processed frequency, candidate-pool, or final real-word files",needs_manual_review,candidate pool only; not final pseudoword stimulus item
thậch,1,high,v2_curated_vietnamese_onset_rime_recombination,Vietnamese-marked onset-rime syllable pattern passed; requires manual/native-speaker review,"no exact match in processed frequency, candidate-pool, or final real-word files",needs_manual_review,candidate pool only; not final pseudoword stimulus item
quụng,1,high,v2_curated_vietnamese_onset_rime_recombination,Vietnamese-marked onset-rime syllable pattern passed; requires manual/native-speaker review,"no exact match in processed frequency, candidate-pool, or final real-word files",needs_manual_review,candidate pool only; not final pseudoword stimulus item
xấm,1,medium,v2_curated_vietnamese_onset_rime_recombination,Vietnamese-marked onset-rime syllable pattern passed; requires manual/native-speaker review,"no exact match in processed frequency, candidate-pool, or final real-word files",needs_manual_review,candidate pool only; not final pseudoword stimulus item
sởp,1,medium,v2_curated_vietnamese_onset_rime_recombination,Vietnamese-marked onset-rime syllable pattern passed; requires manual/native-speaker review,"no exact match in processed frequency, candidate-pool, or final real-word files",needs_manual_review,candidate pool only; not final pseudoword stimulus item
thợng,1,high,v2_curated_vietnamese_onset_rime_recombination,Vietnamese-marked onset-rime syllable pattern passed; requires manual/native-speaker review,"no exact match in processed frequency, candidate-pool, or final real-word files",needs_manual_review,candidate pool only; not final pseudoword stimulus item
nghẹp,1,high,v2_curated_vietnamese_onset_rime_recombination,Vietnamese-marked onset-rime syllable pattern passed; requires manual/native-speaker review,"no exact match in processed frequency, candidate-pool, or final real-word files",needs_manual_review,candidate pool only; not final pseudoword stimulus item
thơng,1,high,v2_curated_vietnamese_onset_rime_recombination,Vietnamese-marked onset-rime syllable pattern passed; requires manual/native-speaker review,"no exact match in processed frequency, candidate-pool, or final real-word files",needs_manual_review,candidate pool only; not final pseudoword stimulus item
xớnh,1,medium,v2_curated_vietnamese_onset_rime_recombination,Vietnamese-marked onset-rime syllable pattern passed; requires manual/native-speaker review,"no exact match in processed frequency, candidate-pool, or final real-word files",needs_manual_review,candidate pool only; not final pseudoword stimulus item
nhựt,1,high,v2_curated_vietnamese_onset_rime_recombination,Vietnamese-marked onset-rime syllable pattern passed; requires manual/native-speaker review,"no exact match in processed frequency, candidate-pool, or final real-word files",needs_manual_review,candidate pool only; not final pseudoword stimulus item
rặ nghỉp,2,medium,v2_curated_vietnamese_onset_rime_recombination,Vietnamese-marked onset-rime syllable pattern passed; requires manual/native-speaker review,"no exact match in processed frequency, candidate-pool, or final real-word files",needs_manual_review,candidate pool only; not final pseudoword stimulus item
giẳp ýnh,2,high,v2_curated_vietnamese_onset_rime_recombination,Vietnamese-marked onset-rime syllable pattern passed; requires manual/native-speaker review,"no exact match in processed frequency, candidate-pool, or final real-word files",needs_manual_review,candidate pool only; not final pseudoword stimulus item
ých tréng,2,high,v2_curated_vietnamese_onset_rime_recombination,Vietnamese-marked onset-rime syllable pattern passed; requires manual/native-speaker review,"no exact match in processed frequency, candidate-pool, or final real-word files",needs_manual_review,candidate pool only; not final pseudoword stimulus item
quâm sếm,2,high,v2_curated_vietnamese_onset_rime_recombination,Vietnamese-marked onset-rime syllable pattern passed; requires manual/native-speaker review,"no exact match in processed frequency, candidate-pool, or final real-word files",needs_manual_review,candidate pool only; not final pseudoword stimulus item
giớ trêm,2,high,v2_curated_vietnamese_onset_rime_recombination,Vietnamese-marked onset-rime syllable pattern passed; requires manual/native-speaker review,"no exact match in processed frequency, candidate-pool, or final real-word files",needs_manual_review,candidate pool only; not final pseudoword stimulus item
gỏch đỏi,2,medium,v2_curated_vietnamese_onset_rime_recombination,Vietnamese-marked onset-rime syllable pattern passed; requires manual/native-speaker review,"no exact match in processed frequency, candidate-pool, or final real-word files",needs_manual_review,candidate pool only; not final pseudoword stimulus item
đạnh giếch,2,high,v2_curated_vietnamese_onset_rime_recombination,Vietnamese-marked onset-rime syllable pattern passed; requires manual/native-speaker review,"no exact match in processed frequency, candidate-pool, or final real-word files",needs_manual_review,candidate pool only; not final pseudoword stimulus item
ngộm tặp,2,high,v2_curated_vietnamese_onset_rime_recombination,Vietnamese-marked onset-rime syllable pattern passed; requires manual/native-speaker review,"no exact match in processed frequency, candidate-pool, or final real-word files",needs_manual_review,candidate pool only; not final pseudoword stimulus item
quậch rổt,2,high,v2_curated_vietnamese_onset_rime_recombination,Vietnamese-marked onset-rime syllable pattern passed; requires manual/native-speaker review,"no exact match in processed frequency, candidate-pool, or final real-word files",needs_manual_review,candidate pool only; not final pseudoword stimulus item
ngởc tẹc,2,high,v2_curated_vietnamese_onset_rime_recombination,Vietnamese-marked onset-rime syllable pattern passed; requires manual/native-speaker review,"no exact match in processed frequency, candidate-pool, or final real-word files",needs_manual_review,candidate pool only; not final pseudoword stimulus item
gốn quén,2,high,v2_curated_vietnamese_onset_rime_recombination,Vietnamese-marked onset-rime syllable pattern passed; requires manual/native-speaker review,"no exact match in processed frequency, candidate-pool, or final real-word files",needs_manual_review,candidate pool only; not final pseudoword stimulus item
tịc nổn,2,high,v2_curated_vietnamese_onset_rime_recombination,Vietnamese-marked onset-rime syllable pattern passed; requires manual/native-speaker review,"no exact match in processed frequency, candidate-pool, or final real-word files",needs_manual_review,candidate pool only; not final pseudoword stimulus item
đứnh ẻch,2,high,v2_curated_vietnamese_onset_rime_recombination,Vietnamese-marked onset-rime syllable pattern passed; requires manual/native-speaker review,"no exact match in processed frequency, candidate-pool, or final real-word files",needs_manual_review,candidate pool only; not final pseudoword stimulus item
rẳn chổng,2,high,v2_curated_vietnamese_onset_rime_recombination,Vietnamese-marked onset-rime syllable pattern passed; requires manual/native-speaker review,"no exact match in processed frequency, candidate-pool, or final real-word files",needs_manual_review,candidate pool only; not final pseudoword stimulus item
díp rổng,2,medium,v2_curated_vietnamese_onset_rime_recombination,Vietnamese-marked onset-rime syllable pattern passed; requires manual/native-speaker review,"no exact match in processed frequency, candidate-pool, or final real-word files",needs_manual_review,candidate pool only; not final pseudoword stimulus item
ngẳn thứi,2,high,v2_curated_vietnamese_onset_rime_recombination,Vietnamese-marked onset-rime syllable pattern passed; requires manual/native-speaker review,"no exact match in processed frequency, candidate-pool, or final real-word files",needs_manual_review,candidate pool only; not final pseudoword stimulus item
xạo gứt,2,medium,v2_curated_vietnamese_onset_rime_recombination,Vietnamese-marked onset-rime syllable pattern passed; requires manual/native-speaker review,"no exact match in processed frequency, candidate-pool, or final real-word files",needs_manual_review,candidate pool only; not final pseudoword stimulus item
nhợp lứ,2,medium,v2_curated_vietnamese_onset_rime_recombination,Vietnamese-marked onset-rime syllable pattern passed; requires manual/native-speaker review,"no exact match in processed frequency, candidate-pool, or final real-word files",needs_manual_review,candidate pool only; not final pseudoword stimulus item
lứch xẩnh,2,medium,v2_curated_vietnamese_onset_rime_recombination,Vietnamese-marked onset-rime syllable pattern passed; requires manual/native-speaker review,"no exact match in processed frequency, candidate-pool, or final real-word files",needs_manual_review,candidate pool only; not final pseudoword stimulus item
nhén giúch,2,high,v2_curated_vietnamese_onset_rime_recombination,Vietnamese-marked onset-rime syllable pattern passed; requires manual/native-speaker review,"no exact match in processed frequency, candidate-pool, or final real-word files",needs_manual_review,candidate pool only; not final pseudoword stimulus item
đoch quợn,2,high,v2_curated_vietnamese_onset_rime_recombination,Vietnamese-marked onset-rime syllable pattern passed; requires manual/native-speaker review,"no exact match in processed frequency, candidate-pool, or final real-word files",needs_manual_review,candidate pool only; not final pseudoword stimulus item
ngậch rêp,2,medium,v2_curated_vietnamese_onset_rime_recombination,Vietnamese-marked onset-rime syllable pattern passed; requires manual/native-speaker review,"no exact match in processed frequency, candidate-pool, or final real-word files",needs_manual_review,candidate pool only; not final pseudoword stimulus item
vún sêm,2,medium,v2_curated_vietnamese_onset_rime_recombination,Vietnamese-marked onset-rime syllable pattern passed; requires manual/native-speaker review,"no exact match in processed frequency, candidate-pool, or final real-word files",needs_manual_review,candidate pool only; not final pseudoword stimulus item
đớc phựn,2,high,v2_curated_vietnamese_onset_rime_recombination,Vietnamese-marked onset-rime syllable pattern passed; requires manual/native-speaker review,"no exact match in processed frequency, candidate-pool, or final real-word files",needs_manual_review,candidate pool only; not final pseudoword stimulus item
mụnh lónh,2,high,v2_curated_vietnamese_onset_rime_recombination,Vietnamese-marked onset-rime syllable pattern passed; requires manual/native-speaker review,"no exact match in processed frequency, candidate-pool, or final real-word files",needs_manual_review,candidate pool only; not final pseudoword stimulus item
quỏ rửc,2,medium,v2_curated_vietnamese_onset_rime_recombination,Vietnamese-marked onset-rime syllable pattern passed; requires manual/native-speaker review,"no exact match in processed frequency, candidate-pool, or final real-word files",needs_manual_review,candidate pool only; not final pseudoword stimulus item
rảp vịch,2,medium,v2_curated_vietnamese_onset_rime_recombination,Vietnamese-marked onset-rime syllable pattern passed; requires manual/native-speaker review,"no exact match in processed frequency, candidate-pool, or final real-word files",needs_manual_review,candidate pool only; not final pseudoword stimulus item
dộ trẳng,2,medium,v2_curated_vietnamese_onset_rime_recombination,Vietnamese-marked onset-rime syllable pattern passed; requires manual/native-speaker review,"no exact match in processed frequency, candidate-pool, or final real-word files",needs_manual_review,candidate pool only; not final pseudoword stimulus item
hửn bẩch,2,high,v2_curated_vietnamese_onset_rime_recombination,Vietnamese-marked onset-rime syllable pattern passed; requires manual/native-speaker review,"no exact match in processed frequency, candidate-pool, or final real-word files",needs_manual_review,candidate pool only; not final pseudoword stimulus item
nhâp nhơt,2,high,v2_curated_vietnamese_onset_rime_recombination,Vietnamese-marked onset-rime syllable pattern passed; requires manual/native-speaker review,"no exact match in processed frequency, candidate-pool, or final real-word files",needs_manual_review,candidate pool only; not final pseudoword stimulus item
lủm nhộp,2,high,v2_curated_vietnamese_onset_rime_recombination,Vietnamese-marked onset-rime syllable pattern passed; requires manual/native-speaker review,"no exact match in processed frequency, candidate-pool, or final real-word files",needs_manual_review,candidate pool only; not final pseudoword stimulus item
nghệnh tẹch,2,high,v2_curated_vietnamese_onset_rime_recombination,Vietnamese-marked onset-rime syllable pattern passed; requires manual/native-speaker review,"no exact match in processed frequency, candidate-pool, or final real-word files",needs_manual_review,candidate pool only; not final pseudoword stimulus item
mụng chỉn,2,high,v2_curated_vietnamese_onset_rime_recombination,Vietnamese-marked onset-rime syllable pattern passed; requires manual/native-speaker review,"no exact match in processed frequency, candidate-pool, or final real-word files",needs_manual_review,candidate pool only; not final pseudoword stimulus item
bặn xủch,2,medium,v2_curated_vietnamese_onset_rime_recombination,Vietnamese-marked onset-rime syllable pattern passed; requires manual/native-speaker review,"no exact match in processed frequency, candidate-pool, or final real-word files",needs_manual_review,candidate pool only; not final pseudoword stimulus item
quớt gính,2,high,v2_curated_vietnamese_onset_rime_recombination,Vietnamese-marked onset-rime syllable pattern passed; requires manual/native-speaker review,"no exact match in processed frequency, candidate-pool, or final real-word files",needs_manual_review,candidate pool only; not final pseudoword stimulus item
gổch bânh,2,high,v2_curated_vietnamese_onset_rime_recombination,Vietnamese-marked onset-rime syllable pattern passed; requires manual/native-speaker review,"no exact match in processed frequency, candidate-pool, or final real-word files",needs_manual_review,candidate pool only; not final pseudoword stimulus item
đén nhặc,2,high,v2_curated_vietnamese_onset_rime_recombination,Vietnamese-marked onset-rime syllable pattern passed; requires manual/native-speaker review,"no exact match in processed frequency, candidate-pool, or final real-word files",needs_manual_review,candidate pool only; not final pseudoword stimulus item
nhơch lỷt,2,high,v2_curated_vietnamese_onset_rime_recombination,Vietnamese-marked onset-rime syllable pattern passed; requires manual/native-speaker review,"no exact match in processed frequency, candidate-pool, or final real-word files",needs_manual_review,candidate pool only; not final pseudoword stimulus item
xạm quẹn,2,high,v2_curated_vietnamese_onset_rime_recombination,Vietnamese-marked onset-rime syllable pattern passed; requires manual/native-speaker review,"no exact match in processed frequency, candidate-pool, or final real-word files",needs_manual_review,candidate pool only; not final pseudoword stimulus item
nôp nổn,2,high,v2_curated_vietnamese_onset_rime_recombination,Vietnamese-marked onset-rime syllable pattern passed; requires manual/native-speaker review,"no exact match in processed frequency, candidate-pool, or final real-word files",needs_manual_review,candidate pool only; not final pseudoword stimulus item
trửng tến,2,high,v2_curated_vietnamese_onset_rime_recombination,Vietnamese-marked onset-rime syllable pattern passed; requires manual/native-speaker review,"no exact match in processed frequency, candidate-pool, or final real-word files",needs_manual_review,candidate pool only; not final pseudoword stimulus item
ệp bỵnh,2,medium,v2_curated_vietnamese_onset_rime_recombination,Vietnamese-marked onset-rime syllable pattern passed; requires manual/native-speaker review,"no exact match in processed frequency, candidate-pool, or final real-word files",needs_manual_review,candidate pool only; not final pseudoword stimulus item
gịch xút,2,high,v2_curated_vietnamese_onset_rime_recombination,Vietnamese-marked onset-rime syllable pattern passed; requires manual/native-speaker review,"no exact match in processed frequency, candidate-pool, or final real-word files",needs_manual_review,candidate pool only; not final pseudoword stimulus item
nhửi giỏm,2,high,v2_curated_vietnamese_onset_rime_recombination,Vietnamese-marked onset-rime syllable pattern passed; requires manual/native-speaker review,"no exact match in processed frequency, candidate-pool, or final real-word files",needs_manual_review,candidate pool only; not final pseudoword stimulus item
chỵch vởc,2,high,v2_curated_vietnamese_onset_rime_recombination,Vietnamese-marked onset-rime syllable pattern passed; requires manual/native-speaker review,"no exact match in processed frequency, candidate-pool, or final real-word files",needs_manual_review,candidate pool only; not final pseudoword stimulus item
nảo thựt,2,high,v2_curated_vietnamese_onset_rime_recombination,Vietnamese-marked onset-rime syllable pattern passed; requires manual/native-speaker review,"no exact match in processed frequency, candidate-pool, or final real-word files",needs_manual_review,candidate pool only; not final pseudoword stimulus item
quêc quị,2,high,v2_curated_vietnamese_onset_rime_recombination,Vietnamese-marked onset-rime syllable pattern passed; requires manual/native-speaker review,"no exact match in processed frequency, candidate-pool, or final real-word files",needs_manual_review,candidate pool only; not final pseudoword stimulus item
lẩt phịc,2,high,v2_curated_vietnamese_onset_rime_recombination,Vietnamese-marked onset-rime syllable pattern passed; requires manual/native-speaker review,"no exact match in processed frequency, candidate-pool, or final real-word files",needs_manual_review,candidate pool only; not final pseudoword stimulus item
thẻnh trơm,2,high,v2_curated_vietnamese_onset_rime_recombination,Vietnamese-marked onset-rime syllable pattern passed; requires manual/native-speaker review,"no exact match in processed frequency, candidate-pool, or final real-word files",needs_manual_review,candidate pool only; not final pseudoword stimulus item
nhỷ phể,2,high,v2_curated_vietnamese_onset_rime_recombination,Vietnamese-marked onset-rime syllable pattern passed; requires manual/native-speaker review,"no exact match in processed frequency, candidate-pool, or final real-word files",needs_manual_review,candidate pool only; not final pseudoword stimulus item
nợc đỏnh,2,high,v2_curated_vietnamese_onset_rime_recombination,Vietnamese-marked onset-rime syllable pattern passed; requires manual/native-speaker review,"no exact match in processed frequency, candidate-pool, or final real-word files",needs_manual_review,candidate pool only; not final pseudoword stimulus item
thốm gịn,2,high,v2_curated_vietnamese_onset_rime_recombination,Vietnamese-marked onset-rime syllable pattern passed; requires manual/native-speaker review,"no exact match in processed frequency, candidate-pool, or final real-word files",needs_manual_review,candidate pool only; not final pseudoword stimulus item
bụnh ởc,2,medium,v2_curated_vietnamese_onset_rime_recombination,Vietnamese-marked onset-rime syllable pattern passed; requires manual/native-speaker review,"no exact match in processed frequency, candidate-pool, or final real-word files",needs_manual_review,candidate pool only; not final pseudoword stimulus item
nếnh dẻch,2,high,v2_curated_vietnamese_onset_rime_recombination,Vietnamese-marked onset-rime syllable pattern passed; requires manual/native-speaker review,"no exact match in processed frequency, candidate-pool, or final real-word files",needs_manual_review,candidate pool only; not final pseudoword stimulus item
dố ịp,2,low,v2_curated_vietnamese_onset_rime_recombination,Vietnamese-marked onset-rime syllable pattern passed; requires manual/native-speaker review,"no exact match in processed frequency, candidate-pool, or final real-word files",needs_manual_review,candidate pool only; not final pseudoword stimulus item
rỷc chẳt,2,high,v2_curated_vietnamese_onset_rime_recombination,Vietnamese-marked onset-rime syllable pattern passed; requires manual/native-speaker review,"no exact match in processed frequency, candidate-pool, or final real-word files",needs_manual_review,candidate pool only; not final pseudoword stimulus item
chủc sẻt,2,high,v2_curated_vietnamese_onset_rime_recombination,Vietnamese-marked onset-rime syllable pattern passed; requires manual/native-speaker review,"no exact match in processed frequency, candidate-pool, or final real-word files",needs_manual_review,candidate pool only; not final pseudoword stimulus item
nhỷ tẳng,2,high,v2_curated_vietnamese_onset_rime_recombination,Vietnamese-marked onset-rime syllable pattern passed; requires manual/native-speaker review,"no exact match in processed frequency, candidate-pool, or final real-word files",needs_manual_review,candidate pool only; not final pseudoword stimulus item
nhán đốch,2,high,v2_curated_vietnamese_onset_rime_recombination,Vietnamese-marked onset-rime syllable pattern passed; requires manual/native-speaker review,"no exact match in processed frequency, candidate-pool, or final real-word files",needs_manual_review,candidate pool only; not final pseudoword stimulus item
trấng đếch,2,high,v2_curated_vietnamese_onset_rime_recombination,Vietnamese-marked onset-rime syllable pattern passed; requires manual/native-speaker review,"no exact match in processed frequency, candidate-pool, or final real-word files",needs_manual_review,candidate pool only; not final pseudoword stimulus item
chụnh giơch,2,high,v2_curated_vietnamese_onset_rime_recombination,Vietnamese-marked onset-rime syllable pattern passed; requires manual/native-speaker review,"no exact match in processed frequency, candidate-pool, or final real-word files",needs_manual_review,candidate pool only; not final pseudoword stimulus item
ngấnh sạm,2,medium,v2_curated_vietnamese_onset_rime_recombination,Vietnamese-marked onset-rime syllable pattern passed; requires manual/native-speaker review,"no exact match in processed frequency, candidate-pool, or final real-word files",needs_manual_review,candidate pool only; not final pseudoword stimulus item
hệp nghỵnh,2,high,v2_curated_vietnamese_onset_rime_recombination,Vietnamese-marked onset-rime syllable pattern passed; requires manual/native-speaker review,"no exact match in processed frequency, candidate-pool, or final real-word files",needs_manual_review,candidate pool only; not final pseudoword stimulus item
ngặm dịc,2,high,v2_curated_vietnamese_onset_rime_recombination,Vietnamese-marked onset-rime syllable pattern passed; requires manual/native-speaker review,"no exact match in processed frequency, candidate-pool, or final real-word files",needs_manual_review,candidate pool only; not final pseudoword stimulus item
quổc dỷp,2,high,v2_curated_vietnamese_onset_rime_recombination,Vietnamese-marked onset-rime syllable pattern passed; requires manual/native-speaker review,"no exact match in processed frequency, candidate-pool, or final real-word files",needs_manual_review,candidate pool only; not final pseudoword stimulus item
bứp cởp,2,high,v2_curated_vietnamese_onset_rime_recombination,Vietnamese-marked onset-rime syllable pattern passed; requires manual/native-speaker review,"no exact match in processed frequency, candidate-pool, or final real-word files",needs_manual_review,candidate pool only; not final pseudoword stimulus item
sẳp đech,2,medium,v2_curated_vietnamese_onset_rime_recombination,Vietnamese-marked onset-rime syllable pattern passed; requires manual/native-speaker review,"no exact match in processed frequency, candidate-pool, or final real-word files",needs_manual_review,candidate pool only; not final pseudoword stimulus item
chủm quéo,2,high,v2_curated_vietnamese_onset_rime_recombination,Vietnamese-marked onset-rime syllable pattern passed; requires manual/native-speaker review,"no exact match in processed frequency, candidate-pool, or final real-word files",needs_manual_review,candidate pool only; not final pseudoword stimulus item
trưc ngếnh,2,high,v2_curated_vietnamese_onset_rime_recombination,Vietnamese-marked onset-rime syllable pattern passed; requires manual/native-speaker review,"no exact match in processed frequency, candidate-pool, or final real-word files",needs_manual_review,candidate pool only; not final pseudoword stimulus item
xẹ đểp,2,low,v2_curated_vietnamese_onset_rime_recombination,Vietnamese-marked onset-rime syllable pattern passed; requires manual/native-speaker review,"no exact match in processed frequency, candidate-pool, or final real-word files",needs_manual_review,candidate pool only; not final pseudoword stimulus item
gẳm hảch,2,high,v2_curated_vietnamese_onset_rime_recombination,Vietnamese-marked onset-rime syllable pattern passed; requires manual/native-speaker review,"no exact match in processed frequency, candidate-pool, or final real-word files",needs_manual_review,candidate pool only; not final pseudoword stimulus item
ngạng chởng,2,high,v2_curated_vietnamese_onset_rime_recombination,Vietnamese-marked onset-rime syllable pattern passed; requires manual/native-speaker review,"no exact match in processed frequency, candidate-pool, or final real-word files",needs_manual_review,candidate pool only; not final pseudoword stimulus item
lêng chểng,2,high,v2_curated_vietnamese_onset_rime_recombination,Vietnamese-marked onset-rime syllable pattern passed; requires manual/native-speaker review,"no exact match in processed frequency, candidate-pool, or final real-word files",needs_manual_review,candidate pool only; not final pseudoword stimulus item
vấc dẩc,2,high,v2_curated_vietnamese_onset_rime_recombination,Vietnamese-marked onset-rime syllable pattern passed; requires manual/native-speaker review,"no exact match in processed frequency, candidate-pool, or final real-word files",needs_manual_review,candidate pool only; not final pseudoword stimulus item
quêm xảt,2,high,v2_curated_vietnamese_onset_rime_recombination,Vietnamese-marked onset-rime syllable pattern passed; requires manual/native-speaker review,"no exact match in processed frequency, candidate-pool, or final real-word files",needs_manual_review,candidate pool only; not final pseudoword stimulus item
trứnh xút,2,high,v2_curated_vietnamese_onset_rime_recombination,Vietnamese-marked onset-rime syllable pattern passed; requires manual/native-speaker review,"no exact match in processed frequency, candidate-pool, or final real-word files",needs_manual_review,candidate pool only; not final pseudoword stimulus item
sêc vỉt,2,medium,v2_curated_vietnamese_onset_rime_recombination,Vietnamese-marked onset-rime syllable pattern passed; requires manual/native-speaker review,"no exact match in processed frequency, candidate-pool, or final real-word files",needs_manual_review,candidate pool only; not final pseudoword stimulus item
hớng mứnh,2,high,v2_curated_vietnamese_onset_rime_recombination,Vietnamese-marked onset-rime syllable pattern passed; requires manual/native-speaker review,"no exact match in processed frequency, candidate-pool, or final real-word files",needs_manual_review,candidate pool only; not final pseudoword stimulus item
trảt gảm,2,high,v2_curated_vietnamese_onset_rime_recombination,Vietnamese-marked onset-rime syllable pattern passed; requires manual/native-speaker review,"no exact match in processed frequency, candidate-pool, or final real-word files",needs_manual_review,candidate pool only; not final pseudoword stimulus item
tréc dộm,2,high,v2_curated_vietnamese_onset_rime_recombination,Vietnamese-marked onset-rime syllable pattern passed; requires manual/native-speaker review,"no exact match in processed frequency, candidate-pool, or final real-word files",needs_manual_review,candidate pool only; not final pseudoword stimulus item
nôch thổp,2,high,v2_curated_vietnamese_onset_rime_recombination,Vietnamese-marked onset-rime syllable pattern passed; requires manual/native-speaker review,"no exact match in processed frequency, candidate-pool, or final real-word files",needs_manual_review,candidate pool only; not final pseudoword stimulus item
phâng trêng,2,high,v2_curated_vietnamese_onset_rime_recombination,Vietnamese-marked onset-rime syllable pattern passed; requires manual/native-speaker review,"no exact match in processed frequency, candidate-pool, or final real-word files",needs_manual_review,candidate pool only; not final pseudoword stimulus item
dạp cợch,2,high,v2_curated_vietnamese_onset_rime_recombination,Vietnamese-marked onset-rime syllable pattern passed; requires manual/native-speaker review,"no exact match in processed frequency, candidate-pool, or final real-word files",needs_manual_review,candidate pool only; not final pseudoword stimulus item
híc gích,2,high,v2_curated_vietnamese_onset_rime_recombination,Vietnamese-marked onset-rime syllable pattern passed; requires manual/native-speaker review,"no exact match in processed frequency, candidate-pool, or final real-word files",needs_manual_review,candidate pool only; not final pseudoword stimulus item
rểp sẹm,2,medium,v2_curated_vietnamese_onset_rime_recombination,Vietnamese-marked onset-rime syllable pattern passed; requires manual/native-speaker review,"no exact match in processed frequency, candidate-pool, or final real-word files",needs_manual_review,candidate pool only; not final pseudoword stimulus item
vứi nưng,2,medium,v2_curated_vietnamese_onset_rime_recombination,Vietnamese-marked onset-rime syllable pattern passed; requires manual/native-speaker review,"no exact match in processed frequency, candidate-pool, or final real-word files",needs_manual_review,candidate pool only; not final pseudoword stimulus item
ện phớch,2,high,v2_curated_vietnamese_onset_rime_recombination,Vietnamese-marked onset-rime syllable pattern passed; requires manual/native-speaker review,"no exact match in processed frequency, candidate-pool, or final real-word files",needs_manual_review,candidate pool only; not final pseudoword stimulus item
téo quếm,2,high,v2_curated_vietnamese_onset_rime_recombination,Vietnamese-marked onset-rime syllable pattern passed; requires manual/native-speaker review,"no exact match in processed frequency, candidate-pool, or final real-word files",needs_manual_review,candidate pool only; not final pseudoword stimulus item
xớn dớc,2,medium,v2_curated_vietnamese_onset_rime_recombination,Vietnamese-marked onset-rime syllable pattern passed; requires manual/native-speaker review,"no exact match in processed frequency, candidate-pool, or final real-word files",needs_manual_review,candidate pool only; not final pseudoword stimulus item
phụi gông,2,high,v2_curated_vietnamese_onset_rime_recombination,Vietnamese-marked onset-rime syllable pattern passed; requires manual/native-speaker review,"no exact match in processed frequency, candidate-pool, or final real-word files",needs_manual_review,candidate pool only; not final pseudoword stimulus item
ngấn ngớnh,2,high,v2_curated_vietnamese_onset_rime_recombination,Vietnamese-marked onset-rime syllable pattern passed; requires manual/native-speaker review,"no exact match in processed frequency, candidate-pool, or final real-word files",needs_manual_review,candidate pool only; not final pseudoword stimulus item
râp chậng,2,high,v2_curated_vietnamese_onset_rime_recombination,Vietnamese-marked onset-rime syllable pattern passed; requires manual/native-speaker review,"no exact match in processed frequency, candidate-pool, or final real-word files",needs_manual_review,candidate pool only; not final pseudoword stimulus item
dổch sởch,2,medium,v2_curated_vietnamese_onset_rime_recombination,Vietnamese-marked onset-rime syllable pattern passed; requires manual/native-speaker review,"no exact match in processed frequency, candidate-pool, or final real-word files",needs_manual_review,candidate pool only; not final pseudoword stimulus item
ưm phẹnh,2,high,v2_curated_vietnamese_onset_rime_recombination,Vietnamese-marked onset-rime syllable pattern passed; requires manual/native-speaker review,"no exact match in processed frequency, candidate-pool, or final real-word files",needs_manual_review,candidate pool only; not final pseudoword stimulus item
sủch lệp,2,medium,v2_curated_vietnamese_onset_rime_recombination,Vietnamese-marked onset-rime syllable pattern passed; requires manual/native-speaker review,"no exact match in processed frequency, candidate-pool, or final real-word files",needs_manual_review,candidate pool only; not final pseudoword stimulus item
quẩnh sỵn,2,high,v2_curated_vietnamese_onset_rime_recombination,Vietnamese-marked onset-rime syllable pattern passed; requires manual/native-speaker review,"no exact match in processed frequency, candidate-pool, or final real-word files",needs_manual_review,candidate pool only; not final pseudoword stimulus item
nhỏc nhệnh,2,high,v2_curated_vietnamese_onset_rime_recombination,Vietnamese-marked onset-rime syllable pattern passed; requires manual/native-speaker review,"no exact match in processed frequency, candidate-pool, or final real-word files",needs_manual_review,candidate pool only; not final pseudoword stimulus item
quử tẻc,2,high,v2_curated_vietnamese_onset_rime_recombination,Vietnamese-marked onset-rime syllable pattern passed; requires manual/native-speaker review,"no exact match in processed frequency, candidate-pool, or final real-word files",needs_manual_review,candidate pool only; not final pseudoword stimulus item
ăp ổm,2,medium,v2_curated_vietnamese_onset_rime_recombination,Vietnamese-marked onset-rime syllable pattern passed; requires manual/native-speaker review,"no exact match in processed frequency, candidate-pool, or final real-word files",needs_manual_review,candidate pool only; not final pseudoword stimulus item
ngổp sởc,2,medium,v2_curated_vietnamese_onset_rime_recombination,Vietnamese-marked onset-rime syllable pattern passed; requires manual/native-speaker review,"no exact match in processed frequency, candidate-pool, or final real-word files",needs_manual_review,candidate pool only; not final pseudoword stimulus item
mởm quấm,2,high,v2_curated_vietnamese_onset_rime_recombination,Vietnamese-marked onset-rime syllable pattern passed; requires manual/native-speaker review,"no exact match in processed frequency, candidate-pool, or final real-word files",needs_manual_review,candidate pool only; not final pseudoword stimulus item
dộch kéch,2,high,v2_curated_vietnamese_onset_rime_recombination,Vietnamese-marked onset-rime syllable pattern passed; requires manual/native-speaker review,"no exact match in processed frequency, candidate-pool, or final real-word files",needs_manual_review,candidate pool only; not final pseudoword stimulus item
quậm rẹ,2,medium,v2_curated_vietnamese_onset_rime_recombination,Vietnamese-marked onset-rime syllable pattern passed; requires manual/native-speaker review,"no exact match in processed frequency, candidate-pool, or final real-word files",needs_manual_review,candidate pool only; not final pseudoword stimulus item
nẻn ngắng,2,high,v2_curated_vietnamese_onset_rime_recombination,Vietnamese-marked onset-rime syllable pattern passed; requires manual/native-speaker review,"no exact match in processed frequency, candidate-pool, or final real-word files",needs_manual_review,candidate pool only; not final pseudoword stimulus item
phýt phạn,2,high,v2_curated_vietnamese_onset_rime_recombination,Vietnamese-marked onset-rime syllable pattern passed; requires manual/native-speaker review,"no exact match in processed frequency, candidate-pool, or final real-word files",needs_manual_review,candidate pool only; not final pseudoword stimulus item
ển hánh,2,medium,v2_curated_vietnamese_onset_rime_recombination,Vietnamese-marked onset-rime syllable pattern passed; requires manual/native-speaker review,"no exact match in processed frequency, candidate-pool, or final real-word files",needs_manual_review,candidate pool only; not final pseudoword stimulus item
nhệc chât,2,high,v2_curated_vietnamese_onset_rime_recombination,Vietnamese-marked onset-rime syllable pattern passed; requires manual/native-speaker review,"no exact match in processed frequency, candidate-pool, or final real-word files",needs_manual_review,candidate pool only; not final pseudoword stimulus item
nỷt víc,2,high,v2_curated_vietnamese_onset_rime_recombination,Vietnamese-marked onset-rime syllable pattern passed; requires manual/native-speaker review,"no exact match in processed frequency, candidate-pool, or final real-word files",needs_manual_review,candidate pool only; not final pseudoword stimulus item
bặp lônh,2,high,v2_curated_vietnamese_onset_rime_recombination,Vietnamese-marked onset-rime syllable pattern passed; requires manual/native-speaker review,"no exact match in processed frequency, candidate-pool, or final real-word files",needs_manual_review,candidate pool only; not final pseudoword stimulus item
ngặm rỏn,2,medium,v2_curated_vietnamese_onset_rime_recombination,Vietnamese-marked onset-rime syllable pattern passed; requires manual/native-speaker review,"no exact match in processed frequency, candidate-pool, or final real-word files",needs_manual_review,candidate pool only; not final pseudoword stimulus item
giựch xẹ,2,medium,v2_curated_vietnamese_onset_rime_recombination,Vietnamese-marked onset-rime syllable pattern passed; requires manual/native-speaker review,"no exact match in processed frequency, candidate-pool, or final real-word files",needs_manual_review,candidate pool only; not final pseudoword stimulus item
rêng míc,2,medium,v2_curated_vietnamese_onset_rime_recombination,Vietnamese-marked onset-rime syllable pattern passed; requires manual/native-speaker review,"no exact match in processed frequency, candidate-pool, or final real-word files",needs_manual_review,candidate pool only; not final pseudoword stimulus item
ngúnh xénh,2,medium,v2_curated_vietnamese_onset_rime_recombination,Vietnamese-marked onset-rime syllable pattern passed; requires manual/native-speaker review,"no exact match in processed frequency, candidate-pool, or final real-word files",needs_manual_review,candidate pool only; not final pseudoword stimulus item
gốt nhẻ,2,high,v2_curated_vietnamese_onset_rime_recombination,Vietnamese-marked onset-rime syllable pattern passed; requires manual/native-speaker review,"no exact match in processed frequency, candidate-pool, or final real-word files",needs_manual_review,candidate pool only; not final pseudoword stimulus item
cợm đự,2,medium,v2_curated_vietnamese_onset_rime_recombination,Vietnamese-marked onset-rime syllable pattern passed; requires manual/native-speaker review,"no exact match in processed frequency, candidate-pool, or final real-word files",needs_manual_review,candidate pool only; not final pseudoword stimulus item
quực phýp,2,high,v2_curated_vietnamese_onset_rime_recombination,Vietnamese-marked onset-rime syllable pattern passed; requires manual/native-speaker review,"no exact match in processed frequency, candidate-pool, or final real-word files",needs_manual_review,candidate pool only; not final pseudoword stimulus item
gô thỉch,2,medium,v2_curated_vietnamese_onset_rime_recombination,Vietnamese-marked onset-rime syllable pattern passed; requires manual/native-speaker review,"no exact match in processed frequency, candidate-pool, or final real-word files",needs_manual_review,candidate pool only; not final pseudoword stimulus item
thẹo săng,2,medium,v2_curated_vietnamese_onset_rime_recombination,Vietnamese-marked onset-rime syllable pattern passed; requires manual/native-speaker review,"no exact match in processed frequency, candidate-pool, or final real-word files",needs_manual_review,candidate pool only; not final pseudoword stimulus item
vẩch nọc,2,high,v2_curated_vietnamese_onset_rime_recombination,Vietnamese-marked onset-rime syllable pattern passed; requires manual/native-speaker review,"no exact match in processed frequency, candidate-pool, or final real-word files",needs_manual_review,candidate pool only; not final pseudoword stimulus item
chỏn kẹch,2,high,v2_curated_vietnamese_onset_rime_recombination,Vietnamese-marked onset-rime syllable pattern passed; requires manual/native-speaker review,"no exact match in processed frequency, candidate-pool, or final real-word files",needs_manual_review,candidate pool only; not final pseudoword stimulus item
rổc néch thấng,3,high,v2_curated_vietnamese_onset_rime_recombination,Vietnamese-marked onset-rime syllable pattern passed; requires manual/native-speaker review,"no exact match in processed frequency, candidate-pool, or final real-word files",needs_manual_review,candidate pool only; not final pseudoword stimulus item
bọch giých nhơt,3,high,v2_curated_vietnamese_onset_rime_recombination,Vietnamese-marked onset-rime syllable pattern passed; requires manual/native-speaker review,"no exact match in processed frequency, candidate-pool, or final real-word files",needs_manual_review,candidate pool only; not final pseudoword stimulus item
mệm xơc giợc,3,high,v2_curated_vietnamese_onset_rime_recombination,Vietnamese-marked onset-rime syllable pattern passed; requires manual/native-speaker review,"no exact match in processed frequency, candidate-pool, or final real-word files",needs_manual_review,candidate pool only; not final pseudoword stimulus item
giựm phợn mỵ,3,high,v2_curated_vietnamese_onset_rime_recombination,Vietnamese-marked onset-rime syllable pattern passed; requires manual/native-speaker review,"no exact match in processed frequency, candidate-pool, or final real-word files",needs_manual_review,candidate pool only; not final pseudoword stimulus item
dýt chónh phựm,3,high,v2_curated_vietnamese_onset_rime_recombination,Vietnamese-marked onset-rime syllable pattern passed; requires manual/native-speaker review,"no exact match in processed frequency, candidate-pool, or final real-word files",needs_manual_review,candidate pool only; not final pseudoword stimulus item
quệm dếm nọm,3,high,v2_curated_vietnamese_onset_rime_recombination,Vietnamese-marked onset-rime syllable pattern passed; requires manual/native-speaker review,"no exact match in processed frequency, candidate-pool, or final real-word files",needs_manual_review,candidate pool only; not final pseudoword stimulus item
dọm gơng mâc,3,high,v2_curated_vietnamese_onset_rime_recombination,Vietnamese-marked onset-rime syllable pattern passed; requires manual/native-speaker review,"no exact match in processed frequency, candidate-pool, or final real-word files",needs_manual_review,candidate pool only; not final pseudoword stimulus item
đủm phă mợt,3,high,v2_curated_vietnamese_onset_rime_recombination,Vietnamese-marked onset-rime syllable pattern passed; requires manual/native-speaker review,"no exact match in processed frequency, candidate-pool, or final real-word files",needs_manual_review,candidate pool only; not final pseudoword stimulus item
quứch xăt sủng,3,medium,v2_curated_vietnamese_onset_rime_recombination,Vietnamese-marked onset-rime syllable pattern passed; requires manual/native-speaker review,"no exact match in processed frequency, candidate-pool, or final real-word files",needs_manual_review,candidate pool only; not final pseudoword stimulus item
giéch gấnh kếm,3,high,v2_curated_vietnamese_onset_rime_recombination,Vietnamese-marked onset-rime syllable pattern passed; requires manual/native-speaker review,"no exact match in processed frequency, candidate-pool, or final real-word files",needs_manual_review,candidate pool only; not final pseudoword stimulus item
rổch thửi dơp,3,medium,v2_curated_vietnamese_onset_rime_recombination,Vietnamese-marked onset-rime syllable pattern passed; requires manual/native-speaker review,"no exact match in processed frequency, candidate-pool, or final real-word files",needs_manual_review,candidate pool only; not final pseudoword stimulus item
quẳc hẳp quợnh,3,high,v2_curated_vietnamese_onset_rime_recombination,Vietnamese-marked onset-rime syllable pattern passed; requires manual/native-speaker review,"no exact match in processed frequency, candidate-pool, or final real-word files",needs_manual_review,candidate pool only; not final pseudoword stimulus item
hưch giậm sộc,3,high,v2_curated_vietnamese_onset_rime_recombination,Vietnamese-marked onset-rime syllable pattern passed; requires manual/native-speaker review,"no exact match in processed frequency, candidate-pool, or final real-word files",needs_manual_review,candidate pool only; not final pseudoword stimulus item
vợm phậnh nhệt,3,high,v2_curated_vietnamese_onset_rime_recombination,Vietnamese-marked onset-rime syllable pattern passed; requires manual/native-speaker review,"no exact match in processed frequency, candidate-pool, or final real-word files",needs_manual_review,candidate pool only; not final pseudoword stimulus item
bủc sỏt chóm,3,high,v2_curated_vietnamese_onset_rime_recombination,Vietnamese-marked onset-rime syllable pattern passed; requires manual/native-speaker review,"no exact match in processed frequency, candidate-pool, or final real-word files",needs_manual_review,candidate pool only; not final pseudoword stimulus item
kịnh nhẻ ngỷt,3,high,v2_curated_vietnamese_onset_rime_recombination,Vietnamese-marked onset-rime syllable pattern passed; requires manual/native-speaker review,"no exact match in processed frequency, candidate-pool, or final real-word files",needs_manual_review,candidate pool only; not final pseudoword stimulus item
nóm phớnh dêc,3,high,v2_curated_vietnamese_onset_rime_recombination,Vietnamese-marked onset-rime syllable pattern passed; requires manual/native-speaker review,"no exact match in processed frequency, candidate-pool, or final real-word files",needs_manual_review,candidate pool only; not final pseudoword stimulus item
xút lổt rẹn,3,medium,v2_curated_vietnamese_onset_rime_recombination,Vietnamese-marked onset-rime syllable pattern passed; requires manual/native-speaker review,"no exact match in processed frequency, candidate-pool, or final real-word files",needs_manual_review,candidate pool only; not final pseudoword stimulus item
chậnh đớc vủ,3,medium,v2_curated_vietnamese_onset_rime_recombination,Vietnamese-marked onset-rime syllable pattern passed; requires manual/native-speaker review,"no exact match in processed frequency, candidate-pool, or final real-word files",needs_manual_review,candidate pool only; not final pseudoword stimulus item
lếp mịnh dệnh,3,high,v2_curated_vietnamese_onset_rime_recombination,Vietnamese-marked onset-rime syllable pattern passed; requires manual/native-speaker review,"no exact match in processed frequency, candidate-pool, or final real-word files",needs_manual_review,candidate pool only; not final pseudoword stimulus item
sỵch ngịnh bỏm,3,medium,v2_curated_vietnamese_onset_rime_recombination,Vietnamese-marked onset-rime syllable pattern passed; requires manual/native-speaker review,"no exact match in processed frequency, candidate-pool, or final real-word files",needs_manual_review,candidate pool only; not final pseudoword stimulus item
réng nợch ủch,3,medium,v2_curated_vietnamese_onset_rime_recombination,Vietnamese-marked onset-rime syllable pattern passed; requires manual/native-speaker review,"no exact match in processed frequency, candidate-pool, or final real-word files",needs_manual_review,candidate pool only; not final pseudoword stimulus item
phủng bỉt mốp,3,high,v2_curated_vietnamese_onset_rime_recombination,Vietnamese-marked onset-rime syllable pattern passed; requires manual/native-speaker review,"no exact match in processed frequency, candidate-pool, or final real-word files",needs_manual_review,candidate pool only; not final pseudoword stimulus item
nghíu giẳp tụm,3,high,v2_curated_vietnamese_onset_rime_recombination,Vietnamese-marked onset-rime syllable pattern passed; requires manual/native-speaker review,"no exact match in processed frequency, candidate-pool, or final real-word files",needs_manual_review,candidate pool only; not final pseudoword stimulus item
hởt nhảng dậng,3,high,v2_curated_vietnamese_onset_rime_recombination,Vietnamese-marked onset-rime syllable pattern passed; requires manual/native-speaker review,"no exact match in processed frequency, candidate-pool, or final real-word files",needs_manual_review,candidate pool only; not final pseudoword stimulus item
tếc mửm rưc,3,medium,v2_curated_vietnamese_onset_rime_recombination,Vietnamese-marked onset-rime syllable pattern passed; requires manual/native-speaker review,"no exact match in processed frequency, candidate-pool, or final real-word files",needs_manual_review,candidate pool only; not final pseudoword stimulus item
nhôn âng gúm,3,high,v2_curated_vietnamese_onset_rime_recombination,Vietnamese-marked onset-rime syllable pattern passed; requires manual/native-speaker review,"no exact match in processed frequency, candidate-pool, or final real-word files",needs_manual_review,candidate pool only; not final pseudoword stimulus item
đị lôc trấ,3,medium,v2_curated_vietnamese_onset_rime_recombination,Vietnamese-marked onset-rime syllable pattern passed; requires manual/native-speaker review,"no exact match in processed frequency, candidate-pool, or final real-word files",needs_manual_review,candidate pool only; not final pseudoword stimulus item
dốn ngểng tói,3,medium,v2_curated_vietnamese_onset_rime_recombination,Vietnamese-marked onset-rime syllable pattern passed; requires manual/native-speaker review,"no exact match in processed frequency, candidate-pool, or final real-word files",needs_manual_review,candidate pool only; not final pseudoword stimulus item
vỉp míc vẻo,3,medium,v2_curated_vietnamese_onset_rime_recombination,Vietnamese-marked onset-rime syllable pattern passed; requires manual/native-speaker review,"no exact match in processed frequency, candidate-pool, or final real-word files",needs_manual_review,candidate pool only; not final pseudoword stimulus item
xạch tậng giớ,3,medium,v2_curated_vietnamese_onset_rime_recombination,Vietnamese-marked onset-rime syllable pattern passed; requires manual/native-speaker review,"no exact match in processed frequency, candidate-pool, or final real-word files",needs_manual_review,candidate pool only; not final pseudoword stimulus item
phẹ nhủnh đỵp,3,high,v2_curated_vietnamese_onset_rime_recombination,Vietnamese-marked onset-rime syllable pattern passed; requires manual/native-speaker review,"no exact match in processed frequency, candidate-pool, or final real-word files",needs_manual_review,candidate pool only; not final pseudoword stimulus item
nảch nghểch lúnh,3,high,v2_curated_vietnamese_onset_rime_recombination,Vietnamese-marked onset-rime syllable pattern passed; requires manual/native-speaker review,"no exact match in processed frequency, candidate-pool, or final real-word files",needs_manual_review,candidate pool only; not final pseudoword stimulus item
sẹp rặt thộ,3,medium,v2_curated_vietnamese_onset_rime_recombination,Vietnamese-marked onset-rime syllable pattern passed; requires manual/native-speaker review,"no exact match in processed frequency, candidate-pool, or final real-word files",needs_manual_review,candidate pool only; not final pseudoword stimulus item
phịn măm nhỏn,3,high,v2_curated_vietnamese_onset_rime_recombination,Vietnamese-marked onset-rime syllable pattern passed; requires manual/native-speaker review,"no exact match in processed frequency, candidate-pool, or final real-word files",needs_manual_review,candidate pool only; not final pseudoword stimulus item
hợnh dỵn rưp,3,medium,v2_curated_vietnamese_onset_rime_recombination,Vietnamese-marked onset-rime syllable pattern passed; requires manual/native-speaker review,"no exact match in processed frequency, candidate-pool, or final real-word files",needs_manual_review,candidate pool only; not final pseudoword stimulus item
dựt hịch nhích,3,high,v2_curated_vietnamese_onset_rime_recombination,Vietnamese-marked onset-rime syllable pattern passed; requires manual/native-speaker review,"no exact match in processed frequency, candidate-pool, or final real-word files",needs_manual_review,candidate pool only; not final pseudoword stimulus item
giọc sệnh chỏnh,3,high,v2_curated_vietnamese_onset_rime_recombination,Vietnamese-marked onset-rime syllable pattern passed; requires manual/native-speaker review,"no exact match in processed frequency, candidate-pool, or final real-word files",needs_manual_review,candidate pool only; not final pseudoword stimulus item
thủp trỷ thỵp,3,high,v2_curated_vietnamese_onset_rime_recombination,Vietnamese-marked onset-rime syllable pattern passed; requires manual/native-speaker review,"no exact match in processed frequency, candidate-pool, or final real-word files",needs_manual_review,candidate pool only; not final pseudoword stimulus item
nghẻch trủc mụnh,3,high,v2_curated_vietnamese_onset_rime_recombination,Vietnamese-marked onset-rime syllable pattern passed; requires manual/native-speaker review,"no exact match in processed frequency, candidate-pool, or final real-word files",needs_manual_review,candidate pool only; not final pseudoword stimulus item
giẻm kẻch ắm,3,high,v2_curated_vietnamese_onset_rime_recombination,Vietnamese-marked onset-rime syllable pattern passed; requires manual/native-speaker review,"no exact match in processed frequency, candidate-pool, or final real-word files",needs_manual_review,candidate pool only; not final pseudoword stimulus item
ản sốnh quỉ,3,medium,v2_curated_vietnamese_onset_rime_recombination,Vietnamese-marked onset-rime syllable pattern passed; requires manual/native-speaker review,"no exact match in processed frequency, candidate-pool, or final real-word files",needs_manual_review,candidate pool only; not final pseudoword stimulus item
rọng nghỉc mẹn,3,high,v2_curated_vietnamese_onset_rime_recombination,Vietnamese-marked onset-rime syllable pattern passed; requires manual/native-speaker review,"no exact match in processed frequency, candidate-pool, or final real-word files",needs_manual_review,candidate pool only; not final pseudoword stimulus item
lợng thỵn rụn,3,high,v2_curated_vietnamese_onset_rime_recombination,Vietnamese-marked onset-rime syllable pattern passed; requires manual/native-speaker review,"no exact match in processed frequency, candidate-pool, or final real-word files",needs_manual_review,candidate pool only; not final pseudoword stimulus item
lện tặt gủnh,3,high,v2_curated_vietnamese_onset_rime_recombination,Vietnamese-marked onset-rime syllable pattern passed; requires manual/native-speaker review,"no exact match in processed frequency, candidate-pool, or final real-word files",needs_manual_review,candidate pool only; not final pseudoword stimulus item
sưt quún kịnh,3,high,v2_curated_vietnamese_onset_rime_recombination,Vietnamese-marked onset-rime syllable pattern passed; requires manual/native-speaker review,"no exact match in processed frequency, candidate-pool, or final real-word files",needs_manual_review,candidate pool only; not final pseudoword stimulus item
kến nủnh giếch,3,high,v2_curated_vietnamese_onset_rime_recombination,Vietnamese-marked onset-rime syllable pattern passed; requires manual/native-speaker review,"no exact match in processed frequency, candidate-pool, or final real-word files",needs_manual_review,candidate pool only; not final pseudoword stimulus item
ngẹo hỉch đọnh,3,medium,v2_curated_vietnamese_onset_rime_recombination,Vietnamese-marked onset-rime syllable pattern passed; requires manual/native-speaker review,"no exact match in processed frequency, candidate-pool, or final real-word files",needs_manual_review,candidate pool only; not final pseudoword stimulus item
cớt mứn giịch,3,high,v2_curated_vietnamese_onset_rime_recombination,Vietnamese-marked onset-rime syllable pattern passed; requires manual/native-speaker review,"no exact match in processed frequency, candidate-pool, or final real-word files",needs_manual_review,candidate pool only; not final pseudoword stimulus item
ẩnh hảnh hển,3,high,v2_curated_vietnamese_onset_rime_recombination,Vietnamese-marked onset-rime syllable pattern passed; requires manual/native-speaker review,"no exact match in processed frequency, candidate-pool, or final real-word files",needs_manual_review,candidate pool only; not final pseudoword stimulus item
giém thạn nghẹc,3,high,v2_curated_vietnamese_onset_rime_recombination,Vietnamese-marked onset-rime syllable pattern passed; requires manual/native-speaker review,"no exact match in processed frequency, candidate-pool, or final real-word files",needs_manual_review,candidate pool only; not final pseudoword stimulus item
rửc giạch dỷ,3,medium,v2_curated_vietnamese_onset_rime_recombination,Vietnamese-marked onset-rime syllable pattern passed; requires manual/native-speaker review,"no exact match in processed frequency, candidate-pool, or final real-word files",needs_manual_review,candidate pool only; not final pseudoword stimulus item
hý xêp dú,3,low,v2_curated_vietnamese_onset_rime_recombination,Vietnamese-marked onset-rime syllable pattern passed; requires manual/native-speaker review,"no exact match in processed frequency, candidate-pool, or final real-word files",needs_manual_review,candidate pool only; not final pseudoword stimulus item
quốn phớn nhệ,3,high,v2_curated_vietnamese_onset_rime_recombination,Vietnamese-marked onset-rime syllable pattern passed; requires manual/native-speaker review,"no exact match in processed frequency, candidate-pool, or final real-word files",needs_manual_review,candidate pool only; not final pseudoword stimulus item
ýp cọnh béng,3,medium,v2_curated_vietnamese_onset_rime_recombination,Vietnamese-marked onset-rime syllable pattern passed; requires manual/native-speaker review,"no exact match in processed frequency, candidate-pool, or final real-word files",needs_manual_review,candidate pool only; not final pseudoword stimulus item
ửn đởp sọp,3,medium,v2_curated_vietnamese_onset_rime_recombination,Vietnamese-marked onset-rime syllable pattern passed; requires manual/native-speaker review,"no exact match in processed frequency, candidate-pool, or final real-word files",needs_manual_review,candidate pool only; not final pseudoword stimulus item
nhính êt phỷnh,3,high,v2_curated_vietnamese_onset_rime_recombination,Vietnamese-marked onset-rime syllable pattern passed; requires manual/native-speaker review,"no exact match in processed frequency, candidate-pool, or final real-word files",needs_manual_review,candidate pool only; not final pseudoword stimulus item
gọch ngảo nỵn,3,medium,v2_curated_vietnamese_onset_rime_recombination,Vietnamese-marked onset-rime syllable pattern passed; requires manual/native-speaker review,"no exact match in processed frequency, candidate-pool, or final real-word files",needs_manual_review,candidate pool only; not final pseudoword stimulus item
kẹch ngểng dỏc,3,high,v2_curated_vietnamese_onset_rime_recombination,Vietnamese-marked onset-rime syllable pattern passed; requires manual/native-speaker review,"no exact match in processed frequency, candidate-pool, or final real-word files",needs_manual_review,candidate pool only; not final pseudoword stimulus item
thịp nhủn trụnh,3,high,v2_curated_vietnamese_onset_rime_recombination,Vietnamese-marked onset-rime syllable pattern passed; requires manual/native-speaker review,"no exact match in processed frequency, candidate-pool, or final real-word files",needs_manual_review,candidate pool only; not final pseudoword stimulus item
hệp ặt mýp,3,medium,v2_curated_vietnamese_onset_rime_recombination,Vietnamese-marked onset-rime syllable pattern passed; requires manual/native-speaker review,"no exact match in processed frequency, candidate-pool, or final real-word files",needs_manual_review,candidate pool only; not final pseudoword stimulus item
nghẻt ỏt chệ,3,high,v2_curated_vietnamese_onset_rime_recombination,Vietnamese-marked onset-rime syllable pattern passed; requires manual/native-speaker review,"no exact match in processed frequency, candidate-pool, or final real-word files",needs_manual_review,candidate pool only; not final pseudoword stimulus item
hậng đanh sýn,3,medium,v2_curated_vietnamese_onset_rime_recombination,Vietnamese-marked onset-rime syllable pattern passed; requires manual/native-speaker review,"no exact match in processed frequency, candidate-pool, or final real-word files",needs_manual_review,candidate pool only; not final pseudoword stimulus item
ghím chônh đý,3,high,v2_curated_vietnamese_onset_rime_recombination,Vietnamese-marked onset-rime syllable pattern passed; requires manual/native-speaker review,"no exact match in processed frequency, candidate-pool, or final real-word files",needs_manual_review,candidate pool only; not final pseudoword stimulus item
ghêc đợng nhêng,3,high,v2_curated_vietnamese_onset_rime_recombination,Vietnamese-marked onset-rime syllable pattern passed; requires manual/native-speaker review,"no exact match in processed frequency, candidate-pool, or final real-word files",needs_manual_review,candidate pool only; not final pseudoword stimulus item
sơch mêt sỏng,3,medium,v2_curated_vietnamese_onset_rime_recombination,Vietnamese-marked onset-rime syllable pattern passed; requires manual/native-speaker review,"no exact match in processed frequency, candidate-pool, or final real-word files",needs_manual_review,candidate pool only; not final pseudoword stimulus item
trỏnh quúng dựt,3,high,v2_curated_vietnamese_onset_rime_recombination,Vietnamese-marked onset-rime syllable pattern passed; requires manual/native-speaker review,"no exact match in processed frequency, candidate-pool, or final real-word files",needs_manual_review,candidate pool only; not final pseudoword stimulus item
quệng phỵch chổt,3,high,v2_curated_vietnamese_onset_rime_recombination,Vietnamese-marked onset-rime syllable pattern passed; requires manual/native-speaker review,"no exact match in processed frequency, candidate-pool, or final real-word files",needs_manual_review,candidate pool only; not final pseudoword stimulus item
gíc rịc hơm,3,high,v2_curated_vietnamese_onset_rime_recombination,Vietnamese-marked onset-rime syllable pattern passed; requires manual/native-speaker review,"no exact match in processed frequency, candidate-pool, or final real-word files",needs_manual_review,candidate pool only; not final pseudoword stimulus item
nhựng nhộnh hấch,3,high,v2_curated_vietnamese_onset_rime_recombination,Vietnamese-marked onset-rime syllable pattern passed; requires manual/native-speaker review,"no exact match in processed frequency, candidate-pool, or final real-word files",needs_manual_review,candidate pool only; not final pseudoword stimulus item
ngêch ỉc quúch,3,high,v2_curated_vietnamese_onset_rime_recombination,Vietnamese-marked onset-rime syllable pattern passed; requires manual/native-speaker review,"no exact match in processed frequency, candidate-pool, or final real-word files",needs_manual_review,candidate pool only; not final pseudoword stimulus item
giểt ngửm sâch,3,high,v2_curated_vietnamese_onset_rime_recombination,Vietnamese-marked onset-rime syllable pattern passed; requires manual/native-speaker review,"no exact match in processed frequency, candidate-pool, or final real-word files",needs_manual_review,candidate pool only; not final pseudoword stimulus item
rức phịm mẹp,3,high,v2_curated_vietnamese_onset_rime_recombination,Vietnamese-marked onset-rime syllable pattern passed; requires manual/native-speaker review,"no exact match in processed frequency, candidate-pool, or final real-word files",needs_manual_review,candidate pool only; not final pseudoword stimulus item
ộnh rơc vếng,3,medium,v2_curated_vietnamese_onset_rime_recombination,Vietnamese-marked onset-rime syllable pattern passed; requires manual/native-speaker review,"no exact match in processed frequency, candidate-pool, or final real-word files",needs_manual_review,candidate pool only; not final pseudoword stimulus item
ngẹn thỏn ổch,3,high,v2_curated_vietnamese_onset_rime_recombination,Vietnamese-marked onset-rime syllable pattern passed; requires manual/native-speaker review,"no exact match in processed frequency, candidate-pool, or final real-word files",needs_manual_review,candidate pool only; not final pseudoword stimulus item
quựng thíu bỉc,3,high,v2_curated_vietnamese_onset_rime_recombination,Vietnamese-marked onset-rime syllable pattern passed; requires manual/native-speaker review,"no exact match in processed frequency, candidate-pool, or final real-word files",needs_manual_review,candidate pool only; not final pseudoword stimulus item
lổ giặ xỵch,3,medium,v2_curated_vietnamese_onset_rime_recombination,Vietnamese-marked onset-rime syllable pattern passed; requires manual/native-speaker review,"no exact match in processed frequency, candidate-pool, or final real-word files",needs_manual_review,candidate pool only; not final pseudoword stimulus item
chợn giợnh đựp,3,high,v2_curated_vietnamese_onset_rime_recombination,Vietnamese-marked onset-rime syllable pattern passed; requires manual/native-speaker review,"no exact match in processed frequency, candidate-pool, or final real-word files",needs_manual_review,candidate pool only; not final pseudoword stimulus item
hặm gỏc ghỉu,3,high,v2_curated_vietnamese_onset_rime_recombination,Vietnamese-marked onset-rime syllable pattern passed; requires manual/native-speaker review,"no exact match in processed frequency, candidate-pool, or final real-word files",needs_manual_review,candidate pool only; not final pseudoword stimulus item
gỏm giứng nhẩng,3,high,v2_curated_vietnamese_onset_rime_recombination,Vietnamese-marked onset-rime syllable pattern passed; requires manual/native-speaker review,"no exact match in processed frequency, candidate-pool, or final real-word files",needs_manual_review,candidate pool only; not final pseudoword stimulus item
vổm răc gửng,3,medium,v2_curated_vietnamese_onset_rime_recombination,Vietnamese-marked onset-rime syllable pattern passed; requires manual/native-speaker review,"no exact match in processed frequency, candidate-pool, or final real-word files",needs_manual_review,candidate pool only; not final pseudoword stimulus item
kẻp quím hếnh,3,high,v2_curated_vietnamese_onset_rime_recombination,Vietnamese-marked onset-rime syllable pattern passed; requires manual/native-speaker review,"no exact match in processed frequency, candidate-pool, or final real-word files",needs_manual_review,candidate pool only; not final pseudoword stimulus item
ngửnh xếc dất,3,medium,v2_curated_vietnamese_onset_rime_recombination,Vietnamese-marked onset-rime syllable pattern passed; requires manual/native-speaker review,"no exact match in processed frequency, candidate-pool, or final real-word files",needs_manual_review,candidate pool only; not final pseudoword stimulus item
ngốch hặn thửnh,3,high,v2_curated_vietnamese_onset_rime_recombination,Vietnamese-marked onset-rime syllable pattern passed; requires manual/native-speaker review,"no exact match in processed frequency, candidate-pool, or final real-word files",needs_manual_review,candidate pool only; not final pseudoword stimulus item
séo chọp sốp,3,medium,v2_curated_vietnamese_onset_rime_recombination,Vietnamese-marked onset-rime syllable pattern passed; requires manual/native-speaker review,"no exact match in processed frequency, candidate-pool, or final real-word files",needs_manual_review,candidate pool only; not final pseudoword stimulus item
dóc dên ấng,3,high,v2_curated_vietnamese_onset_rime_recombination,Vietnamese-marked onset-rime syllable pattern passed; requires manual/native-speaker review,"no exact match in processed frequency, candidate-pool, or final real-word files",needs_manual_review,candidate pool only; not final pseudoword stimulus item
đẻt nhớc tró,3,high,v2_curated_vietnamese_onset_rime_recombination,Vietnamese-marked onset-rime syllable pattern passed; requires manual/native-speaker review,"no exact match in processed frequency, candidate-pool, or final real-word files",needs_manual_review,candidate pool only; not final pseudoword stimulus item
sẹch thýc xợn,3,medium,v2_curated_vietnamese_onset_rime_recombination,Vietnamese-marked onset-rime syllable pattern passed; requires manual/native-speaker review,"no exact match in processed frequency, candidate-pool, or final real-word files",needs_manual_review,candidate pool only; not final pseudoword stimulus item
dưt lẻng bóch,3,high,v2_curated_vietnamese_onset_rime_recombination,Vietnamese-marked onset-rime syllable pattern passed; requires manual/native-speaker review,"no exact match in processed frequency, candidate-pool, or final real-word files",needs_manual_review,candidate pool only; not final pseudoword stimulus item
chỷn quợp ại,3,high,v2_curated_vietnamese_onset_rime_recombination,Vietnamese-marked onset-rime syllable pattern passed; requires manual/native-speaker review,"no exact match in processed frequency, candidate-pool, or final real-word files",needs_manual_review,candidate pool only; not final pseudoword stimulus item
quụm tảt trỏch,3,high,v2_curated_vietnamese_onset_rime_recombination,Vietnamese-marked onset-rime syllable pattern passed; requires manual/native-speaker review,"no exact match in processed frequency, candidate-pool, or final real-word files",needs_manual_review,candidate pool only; not final pseudoword stimulus item
thíc thộm phôch,3,high,v2_curated_vietnamese_onset_rime_recombination,Vietnamese-marked onset-rime syllable pattern passed; requires manual/native-speaker review,"no exact match in processed frequency, candidate-pool, or final real-word files",needs_manual_review,candidate pool only; not final pseudoword stimulus item
sôc đứn chốp,3,high,v2_curated_vietnamese_onset_rime_recombination,Vietnamese-marked onset-rime syllable pattern passed; requires manual/native-speaker review,"no exact match in processed frequency, candidate-pool, or final real-word files",needs_manual_review,candidate pool only; not final pseudoword stimulus item
quẩch quốnh mắ,3,high,v2_curated_vietnamese_onset_rime_recombination,Vietnamese-marked onset-rime syllable pattern passed; requires manual/native-speaker review,"no exact match in processed frequency, candidate-pool, or final real-word files",needs_manual_review,candidate pool only; not final pseudoword stimulus item
lớch cụn trớc,3,high,v2_curated_vietnamese_onset_rime_recombination,Vietnamese-marked onset-rime syllable pattern passed; requires manual/native-speaker review,"no exact match in processed frequency, candidate-pool, or final real-word files",needs_manual_review,candidate pool only; not final pseudoword stimulus item
dỵch trộnh chéch,3,high,v2_curated_vietnamese_onset_rime_recombination,Vietnamese-marked onset-rime syllable pattern passed; requires manual/native-speaker review,"no exact match in processed frequency, candidate-pool, or final real-word files",needs_manual_review,candidate pool only; not final pseudoword stimulus item
nhén dỏc giẩt,3,high,v2_curated_vietnamese_onset_rime_recombination,Vietnamese-marked onset-rime syllable pattern passed; requires manual/native-speaker review,"no exact match in processed frequency, candidate-pool, or final real-word files",needs_manual_review,candidate pool only; not final pseudoword stimulus item
mởnh sẳc chởm,3,high,v2_curated_vietnamese_onset_rime_recombination,Vietnamese-marked onset-rime syllable pattern passed; requires manual/native-speaker review,"no exact match in processed frequency, candidate-pool, or final real-word files",needs_manual_review,candidate pool only; not final pseudoword stimulus item
phịc rựch vỏp,3,high,v2_curated_vietnamese_onset_rime_recombination,Vietnamese-marked onset-rime syllable pattern passed; requires manual/native-speaker review,"no exact match in processed frequency, candidate-pool, or final real-word files",needs_manual_review,candidate pool only; not final pseudoword stimulus item
dển rảo mớch,3,medium,v2_curated_vietnamese_onset_rime_recombination,Vietnamese-marked onset-rime syllable pattern passed; requires manual/native-speaker review,"no exact match in processed frequency, candidate-pool, or final real-word files",needs_manual_review,candidate pool only; not final pseudoword stimulus item
núch ợn nẩc,3,medium,v2_curated_vietnamese_onset_rime_recombination,Vietnamese-marked onset-rime syllable pattern passed; requires manual/native-speaker review,"no exact match in processed frequency, candidate-pool, or final real-word files",needs_manual_review,candidate pool only; not final pseudoword stimulus item
rứi chửch phác,3,high,v2_curated_vietnamese_onset_rime_recombination,Vietnamese-marked onset-rime syllable pattern passed; requires manual/native-speaker review,"no exact match in processed frequency, candidate-pool, or final real-word files",needs_manual_review,candidate pool only; not final pseudoword stimulus item
hẹt sôt xựt,3,medium,v2_curated_vietnamese_onset_rime_recombination,Vietnamese-marked onset-rime syllable pattern passed; requires manual/native-speaker review,"no exact match in processed frequency, candidate-pool, or final real-word files",needs_manual_review,candidate pool only; not final pseudoword stimulus item
nhêt bỏc đêt,3,high,v2_curated_vietnamese_onset_rime_recombination,Vietnamese-marked onset-rime syllable pattern passed; requires manual/native-speaker review,"no exact match in processed frequency, candidate-pool, or final real-word files",needs_manual_review,candidate pool only; not final pseudoword stimulus item
phứt xớp giạt,3,high,v2_curated_vietnamese_onset_rime_recombination,Vietnamese-marked onset-rime syllable pattern passed; requires manual/native-speaker review,"no exact match in processed frequency, candidate-pool, or final real-word files",needs_manual_review,candidate pool only; not final pseudoword stimulus item
hảnh giâm gỉp,3,high,v2_curated_vietnamese_onset_rime_recombination,Vietnamese-marked onset-rime syllable pattern passed; requires manual/native-speaker review,"no exact match in processed frequency, candidate-pool, or final real-word files",needs_manual_review,candidate pool only; not final pseudoword stimulus item
nểng giẩp quựnh,3,high,v2_curated_vietnamese_onset_rime_recombination,Vietnamese-marked onset-rime syllable pattern passed; requires manual/native-speaker review,"no exact match in processed frequency, candidate-pool, or final real-word files",needs_manual_review,candidate pool only; not final pseudoword stimulus item
thẻp séo cún,3,medium,v2_curated_vietnamese_onset_rime_recombination,Vietnamese-marked onset-rime syllable pattern passed; requires manual/native-speaker review,"no exact match in processed frequency, candidate-pool, or final real-word files",needs_manual_review,candidate pool only; not final pseudoword stimulus item
nhúi phỷch kếc,3,high,v2_curated_vietnamese_onset_rime_recombination,Vietnamese-marked onset-rime syllable pattern passed; requires manual/native-speaker review,"no exact match in processed frequency, candidate-pool, or final real-word files",needs_manual_review,candidate pool only; not final pseudoword stimulus item
rểch dưch trỉp,3,high,v2_curated_vietnamese_onset_rime_recombination,Vietnamese-marked onset-rime syllable pattern passed; requires manual/native-speaker review,"no exact match in processed frequency, candidate-pool, or final real-word files",needs_manual_review,candidate pool only; not final pseudoword stimulus item
sểp lủc quố,3,medium,v2_curated_vietnamese_onset_rime_recombination,Vietnamese-marked onset-rime syllable pattern passed; requires manual/native-speaker review,"no exact match in processed frequency, candidate-pool, or final real-word files",needs_manual_review,candidate pool only; not final pseudoword stimulus item
phỏi ngọnh bếng,3,high,v2_curated_vietnamese_onset_rime_recombination,Vietnamese-marked onset-rime syllable pattern passed; requires manual/native-speaker review,"no exact match in processed frequency, candidate-pool, or final real-word files",needs_manual_review,candidate pool only; not final pseudoword stimulus item
ngớp són vơnh,3,medium,v2_curated_vietnamese_onset_rime_recombination,Vietnamese-marked onset-rime syllable pattern passed; requires manual/native-speaker review,"no exact match in processed frequency, candidate-pool, or final real-word files",needs_manual_review,candidate pool only; not final pseudoword stimulus item
tưc trứt tộng,3,high,v2_curated_vietnamese_onset_rime_recombination,Vietnamese-marked onset-rime syllable pattern passed; requires manual/native-speaker review,"no exact match in processed frequency, candidate-pool, or final real-word files",needs_manual_review,candidate pool only; not final pseudoword stimulus item
ỷn chẻc thủp,3,high,v2_curated_vietnamese_onset_rime_recombination,Vietnamese-marked onset-rime syllable pattern passed; requires manual/native-speaker review,"no exact match in processed frequency, candidate-pool, or final real-word files",needs_manual_review,candidate pool only; not final pseudoword stimulus item
quọch hắng tốm,3,high,v2_curated_vietnamese_onset_rime_recombination,Vietnamese-marked onset-rime syllable pattern passed; requires manual/native-speaker review,"no exact match in processed frequency, candidate-pool, or final real-word files",needs_manual_review,candidate pool only; not final pseudoword stimulus item
xặn trịu quọnh,3,high,v2_curated_vietnamese_onset_rime_recombination,Vietnamese-marked onset-rime syllable pattern passed; requires manual/native-speaker review,"no exact match in processed frequency, candidate-pool, or final real-word files",needs_manual_review,candidate pool only; not final pseudoword stimulus item
híu tọm mựn,3,medium,v2_curated_vietnamese_onset_rime_recombination,Vietnamese-marked onset-rime syllable pattern passed; requires manual/native-speaker review,"no exact match in processed frequency, candidate-pool, or final real-word files",needs_manual_review,candidate pool only; not final pseudoword stimulus item
kỵc rộc ngửn,3,medium,v2_curated_vietnamese_onset_rime_recombination,Vietnamese-marked onset-rime syllable pattern passed; requires manual/native-speaker review,"no exact match in processed frequency, candidate-pool, or final real-word files",needs_manual_review,candidate pool only; not final pseudoword stimulus item
thếm gảch dấnh,3,high,v2_curated_vietnamese_onset_rime_recombination,Vietnamese-marked onset-rime syllable pattern passed; requires manual/native-speaker review,"no exact match in processed frequency, candidate-pool, or final real-word files",needs_manual_review,candidate pool only; not final pseudoword stimulus item
hơng phánh trýnh thêt,4,high,v2_curated_vietnamese_onset_rime_recombination,Vietnamese-marked onset-rime syllable pattern passed; requires manual/native-speaker review,"no exact match in processed frequency, candidate-pool, or final real-word files",needs_manual_review,candidate pool only; not final pseudoword stimulus item
ngợc mểc phác dẹch,4,high,v2_curated_vietnamese_onset_rime_recombination,Vietnamese-marked onset-rime syllable pattern passed; requires manual/native-speaker review,"no exact match in processed frequency, candidate-pool, or final real-word files",needs_manual_review,candidate pool only; not final pseudoword stimulus item
thụm bín ại giốn,4,high,v2_curated_vietnamese_onset_rime_recombination,Vietnamese-marked onset-rime syllable pattern passed; requires manual/native-speaker review,"no exact match in processed frequency, candidate-pool, or final real-word files",needs_manual_review,candidate pool only; not final pseudoword stimulus item
nỵp quúc chẩp tợc,4,high,v2_curated_vietnamese_onset_rime_recombination,Vietnamese-marked onset-rime syllable pattern passed; requires manual/native-speaker review,"no exact match in processed frequency, candidate-pool, or final real-word files",needs_manual_review,candidate pool only; not final pseudoword stimulus item
dỵch địu chếng giụp,4,high,v2_curated_vietnamese_onset_rime_recombination,Vietnamese-marked onset-rime syllable pattern passed; requires manual/native-speaker review,"no exact match in processed frequency, candidate-pool, or final real-word files",needs_manual_review,candidate pool only; not final pseudoword stimulus item
ngơt nẻnh đuc quẩc,4,high,v2_curated_vietnamese_onset_rime_recombination,Vietnamese-marked onset-rime syllable pattern passed; requires manual/native-speaker review,"no exact match in processed frequency, candidate-pool, or final real-word files",needs_manual_review,candidate pool only; not final pseudoword stimulus item
nhín hôt phựp lảp,4,high,v2_curated_vietnamese_onset_rime_recombination,Vietnamese-marked onset-rime syllable pattern passed; requires manual/native-speaker review,"no exact match in processed frequency, candidate-pool, or final real-word files",needs_manual_review,candidate pool only; not final pseudoword stimulus item
nhản lụnh địp ợp,4,high,v2_curated_vietnamese_onset_rime_recombination,Vietnamese-marked onset-rime syllable pattern passed; requires manual/native-speaker review,"no exact match in processed frequency, candidate-pool, or final real-word files",needs_manual_review,candidate pool only; not final pseudoword stimulus item
giủng vêch quổt lẹc,4,high,v2_curated_vietnamese_onset_rime_recombination,Vietnamese-marked onset-rime syllable pattern passed; requires manual/native-speaker review,"no exact match in processed frequency, candidate-pool, or final real-word files",needs_manual_review,candidate pool only; not final pseudoword stimulus item
nhẩt thẻc húnh nẳc,4,high,v2_curated_vietnamese_onset_rime_recombination,Vietnamese-marked onset-rime syllable pattern passed; requires manual/native-speaker review,"no exact match in processed frequency, candidate-pool, or final real-word files",needs_manual_review,candidate pool only; not final pseudoword stimulus item
lâch gủi cắ ắm,4,medium,v2_curated_vietnamese_onset_rime_recombination,Vietnamese-marked onset-rime syllable pattern passed; requires manual/native-speaker review,"no exact match in processed frequency, candidate-pool, or final real-word files",needs_manual_review,candidate pool only; not final pseudoword stimulus item
ghêng lịnh chỷc cưch,4,high,v2_curated_vietnamese_onset_rime_recombination,Vietnamese-marked onset-rime syllable pattern passed; requires manual/native-speaker review,"no exact match in processed frequency, candidate-pool, or final real-word files",needs_manual_review,candidate pool only; not final pseudoword stimulus item
cộch quởm sịc sệp,4,medium,v2_curated_vietnamese_onset_rime_recombination,Vietnamese-marked onset-rime syllable pattern passed; requires manual/native-speaker review,"no exact match in processed frequency, candidate-pool, or final real-word files",needs_manual_review,candidate pool only; not final pseudoword stimulus item
nhởch nợm nứng tơnh,4,high,v2_curated_vietnamese_onset_rime_recombination,Vietnamese-marked onset-rime syllable pattern passed; requires manual/native-speaker review,"no exact match in processed frequency, candidate-pool, or final real-word files",needs_manual_review,candidate pool only; not final pseudoword stimulus item
nghẻng trứ phửp ngựm,4,high,v2_curated_vietnamese_onset_rime_recombination,Vietnamese-marked onset-rime syllable pattern passed; requires manual/native-speaker review,"no exact match in processed frequency, candidate-pool, or final real-word files",needs_manual_review,candidate pool only; not final pseudoword stimulus item
nhến trónh tểch giỉp,4,high,v2_curated_vietnamese_onset_rime_recombination,Vietnamese-marked onset-rime syllable pattern passed; requires manual/native-speaker review,"no exact match in processed frequency, candidate-pool, or final real-word files",needs_manual_review,candidate pool only; not final pseudoword stimulus item
thóp dỷc nhâch ngỷch,4,high,v2_curated_vietnamese_onset_rime_recombination,Vietnamese-marked onset-rime syllable pattern passed; requires manual/native-speaker review,"no exact match in processed frequency, candidate-pool, or final real-word files",needs_manual_review,candidate pool only; not final pseudoword stimulus item
ỷn chủt tửm đóc,4,high,v2_curated_vietnamese_onset_rime_recombination,Vietnamese-marked onset-rime syllable pattern passed; requires manual/native-speaker review,"no exact match in processed frequency, candidate-pool, or final real-word files",needs_manual_review,candidate pool only; not final pseudoword stimulus item
dửc giỉnh phênh cón,4,high,v2_curated_vietnamese_onset_rime_recombination,Vietnamese-marked onset-rime syllable pattern passed; requires manual/native-speaker review,"no exact match in processed frequency, candidate-pool, or final real-word files",needs_manual_review,candidate pool only; not final pseudoword stimulus item
phẻng sẻc tủt nỷc,4,high,v2_curated_vietnamese_onset_rime_recombination,Vietnamese-marked onset-rime syllable pattern passed; requires manual/native-speaker review,"no exact match in processed frequency, candidate-pool, or final real-word files",needs_manual_review,candidate pool only; not final pseudoword stimulus item
cơnh cảt nhẩng nhê,4,high,v2_curated_vietnamese_onset_rime_recombination,Vietnamese-marked onset-rime syllable pattern passed; requires manual/native-speaker review,"no exact match in processed frequency, candidate-pool, or final real-word files",needs_manual_review,candidate pool only; not final pseudoword stimulus item
thụt ôp trết lỏnh,4,high,v2_curated_vietnamese_onset_rime_recombination,Vietnamese-marked onset-rime syllable pattern passed; requires manual/native-speaker review,"no exact match in processed frequency, candidate-pool, or final real-word files",needs_manual_review,candidate pool only; not final pseudoword stimulus item
lủm lâ dịm mựi,4,medium,v2_curated_vietnamese_onset_rime_recombination,Vietnamese-marked onset-rime syllable pattern passed; requires manual/native-speaker review,"no exact match in processed frequency, candidate-pool, or final real-word files",needs_manual_review,candidate pool only; not final pseudoword stimulus item
lơp nởch thém đím,4,high,v2_curated_vietnamese_onset_rime_recombination,Vietnamese-marked onset-rime syllable pattern passed; requires manual/native-speaker review,"no exact match in processed frequency, candidate-pool, or final real-word files",needs_manual_review,candidate pool only; not final pseudoword stimulus item
nhỉc sẹng thưt thửc,4,high,v2_curated_vietnamese_onset_rime_recombination,Vietnamese-marked onset-rime syllable pattern passed; requires manual/native-speaker review,"no exact match in processed frequency, candidate-pool, or final real-word files",needs_manual_review,candidate pool only; not final pseudoword stimulus item
sơch mêp thịch tơp,4,high,v2_curated_vietnamese_onset_rime_recombination,Vietnamese-marked onset-rime syllable pattern passed; requires manual/native-speaker review,"no exact match in processed frequency, candidate-pool, or final real-word files",needs_manual_review,candidate pool only; not final pseudoword stimulus item
dă ỵt thẩt ngép,4,medium,v2_curated_vietnamese_onset_rime_recombination,Vietnamese-marked onset-rime syllable pattern passed; requires manual/native-speaker review,"no exact match in processed frequency, candidate-pool, or final real-word files",needs_manual_review,candidate pool only; not final pseudoword stimulus item
vửch giạnh độch ných,4,high,v2_curated_vietnamese_onset_rime_recombination,Vietnamese-marked onset-rime syllable pattern passed; requires manual/native-speaker review,"no exact match in processed frequency, candidate-pool, or final real-word files",needs_manual_review,candidate pool only; not final pseudoword stimulus item
quớc dẳp nhặp rẻch,4,high,v2_curated_vietnamese_onset_rime_recombination,Vietnamese-marked onset-rime syllable pattern passed; requires manual/native-speaker review,"no exact match in processed frequency, candidate-pool, or final real-word files",needs_manual_review,candidate pool only; not final pseudoword stimulus item
rẳ củm trệp nắ,4,medium,v2_curated_vietnamese_onset_rime_recombination,Vietnamese-marked onset-rime syllable pattern passed; requires manual/native-speaker review,"no exact match in processed frequency, candidate-pool, or final real-word files",needs_manual_review,candidate pool only; not final pseudoword stimulus item
phíp hýp xệng nơt,4,high,v2_curated_vietnamese_onset_rime_recombination,Vietnamese-marked onset-rime syllable pattern passed; requires manual/native-speaker review,"no exact match in processed frequency, candidate-pool, or final real-word files",needs_manual_review,candidate pool only; not final pseudoword stimulus item
bởn xột hợm thíu,4,medium,v2_curated_vietnamese_onset_rime_recombination,Vietnamese-marked onset-rime syllable pattern passed; requires manual/native-speaker review,"no exact match in processed frequency, candidate-pool, or final real-word files",needs_manual_review,candidate pool only; not final pseudoword stimulus item
kên phọp lứnh gỏch,4,high,v2_curated_vietnamese_onset_rime_recombination,Vietnamese-marked onset-rime syllable pattern passed; requires manual/native-speaker review,"no exact match in processed frequency, candidate-pool, or final real-word files",needs_manual_review,candidate pool only; not final pseudoword stimulus item
bơng nhụch giựng mảo,4,high,v2_curated_vietnamese_onset_rime_recombination,Vietnamese-marked onset-rime syllable pattern passed; requires manual/native-speaker review,"no exact match in processed frequency, candidate-pool, or final real-word files",needs_manual_review,candidate pool only; not final pseudoword stimulus item
nhât nghỉp séch rư,4,medium,v2_curated_vietnamese_onset_rime_recombination,Vietnamese-marked onset-rime syllable pattern passed; requires manual/native-speaker review,"no exact match in processed frequency, candidate-pool, or final real-word files",needs_manual_review,candidate pool only; not final pseudoword stimulus item
ngếp thẻn hựng sẩn,4,high,v2_curated_vietnamese_onset_rime_recombination,Vietnamese-marked onset-rime syllable pattern passed; requires manual/native-speaker review,"no exact match in processed frequency, candidate-pool, or final real-word files",needs_manual_review,candidate pool only; not final pseudoword stimulus item
nâp ngọi húc lẳp,4,medium,v2_curated_vietnamese_onset_rime_recombination,Vietnamese-marked onset-rime syllable pattern passed; requires manual/native-speaker review,"no exact match in processed frequency, candidate-pool, or final real-word files",needs_manual_review,candidate pool only; not final pseudoword stimulus item
nửn vưc bỉn ghỷn,4,high,v2_curated_vietnamese_onset_rime_recombination,Vietnamese-marked onset-rime syllable pattern passed; requires manual/native-speaker review,"no exact match in processed frequency, candidate-pool, or final real-word files",needs_manual_review,candidate pool only; not final pseudoword stimulus item
tởp giắp trửc dệm,4,high,v2_curated_vietnamese_onset_rime_recombination,Vietnamese-marked onset-rime syllable pattern passed; requires manual/native-speaker review,"no exact match in processed frequency, candidate-pool, or final real-word files",needs_manual_review,candidate pool only; not final pseudoword stimulus item
thênh xốch dứm chơng,4,high,v2_curated_vietnamese_onset_rime_recombination,Vietnamese-marked onset-rime syllable pattern passed; requires manual/native-speaker review,"no exact match in processed frequency, candidate-pool, or final real-word files",needs_manual_review,candidate pool only; not final pseudoword stimulus item
trử tảch hệch mẳng,4,high,v2_curated_vietnamese_onset_rime_recombination,Vietnamese-marked onset-rime syllable pattern passed; requires manual/native-speaker review,"no exact match in processed frequency, candidate-pool, or final real-word files",needs_manual_review,candidate pool only; not final pseudoword stimulus item
gơp trỏc chứp mểch,4,high,v2_curated_vietnamese_onset_rime_recombination,Vietnamese-marked onset-rime syllable pattern passed; requires manual/native-speaker review,"no exact match in processed frequency, candidate-pool, or final real-word files",needs_manual_review,candidate pool only; not final pseudoword stimulus item
đêt nhổnh đặm vêng,4,high,v2_curated_vietnamese_onset_rime_recombination,Vietnamese-marked onset-rime syllable pattern passed; requires manual/native-speaker review,"no exact match in processed frequency, candidate-pool, or final real-word files",needs_manual_review,candidate pool only; not final pseudoword stimulus item
giắ lợnh húi cở,4,medium,v2_curated_vietnamese_onset_rime_recombination,Vietnamese-marked onset-rime syllable pattern passed; requires manual/native-speaker review,"no exact match in processed frequency, candidate-pool, or final real-word files",needs_manual_review,candidate pool only; not final pseudoword stimulus item
thểng nỷp tớc vểt,4,high,v2_curated_vietnamese_onset_rime_recombination,Vietnamese-marked onset-rime syllable pattern passed; requires manual/native-speaker review,"no exact match in processed frequency, candidate-pool, or final real-word files",needs_manual_review,candidate pool only; not final pseudoword stimulus item
xụi tổch đet výn,4,medium,v2_curated_vietnamese_onset_rime_recombination,Vietnamese-marked onset-rime syllable pattern passed; requires manual/native-speaker review,"no exact match in processed frequency, candidate-pool, or final real-word files",needs_manual_review,candidate pool only; not final pseudoword stimulus item
giỵc rấn nẹc giỉch,4,high,v2_curated_vietnamese_onset_rime_recombination,Vietnamese-marked onset-rime syllable pattern passed; requires manual/native-speaker review,"no exact match in processed frequency, candidate-pool, or final real-word files",needs_manual_review,candidate pool only; not final pseudoword stimulus item
xửt léch kệc trớt,4,high,v2_curated_vietnamese_onset_rime_recombination,Vietnamese-marked onset-rime syllable pattern passed; requires manual/native-speaker review,"no exact match in processed frequency, candidate-pool, or final real-word files",needs_manual_review,candidate pool only; not final pseudoword stimulus item
tấ rởch tểc bấch,4,medium,v2_curated_vietnamese_onset_rime_recombination,Vietnamese-marked onset-rime syllable pattern passed; requires manual/native-speaker review,"no exact match in processed frequency, candidate-pool, or final real-word files",needs_manual_review,candidate pool only; not final pseudoword stimulus item
dỵc trủ đợng xực,4,medium,v2_curated_vietnamese_onset_rime_recombination,Vietnamese-marked onset-rime syllable pattern passed; requires manual/native-speaker review,"no exact match in processed frequency, candidate-pool, or final real-word files",needs_manual_review,candidate pool only; not final pseudoword stimulus item
quáo gât đôm trứnh,4,high,v2_curated_vietnamese_onset_rime_recombination,Vietnamese-marked onset-rime syllable pattern passed; requires manual/native-speaker review,"no exact match in processed frequency, candidate-pool, or final real-word files",needs_manual_review,candidate pool only; not final pseudoword stimulus item
sêng chứt mấp dắp,4,high,v2_curated_vietnamese_onset_rime_recombination,Vietnamese-marked onset-rime syllable pattern passed; requires manual/native-speaker review,"no exact match in processed frequency, candidate-pool, or final real-word files",needs_manual_review,candidate pool only; not final pseudoword stimulus item
giển đynh lổc lẳm,4,high,v2_curated_vietnamese_onset_rime_recombination,Vietnamese-marked onset-rime syllable pattern passed; requires manual/native-speaker review,"no exact match in processed frequency, candidate-pool, or final real-word files",needs_manual_review,candidate pool only; not final pseudoword stimulus item
xổc bóch sích nhưch,4,medium,v2_curated_vietnamese_onset_rime_recombination,Vietnamese-marked onset-rime syllable pattern passed; requires manual/native-speaker review,"no exact match in processed frequency, candidate-pool, or final real-word files",needs_manual_review,candidate pool only; not final pseudoword stimulus item
ghẹn tực gụng xớc,4,high,v2_curated_vietnamese_onset_rime_recombination,Vietnamese-marked onset-rime syllable pattern passed; requires manual/native-speaker review,"no exact match in processed frequency, candidate-pool, or final real-word files",needs_manual_review,candidate pool only; not final pseudoword stimulus item
giậnh phểm xăn lế,4,medium,v2_curated_vietnamese_onset_rime_recombination,Vietnamese-marked onset-rime syllable pattern passed; requires manual/native-speaker review,"no exact match in processed frequency, candidate-pool, or final real-word files",needs_manual_review,candidate pool only; not final pseudoword stimulus item
trỏc sơp dâp mêp,4,high,v2_curated_vietnamese_onset_rime_recombination,Vietnamese-marked onset-rime syllable pattern passed; requires manual/native-speaker review,"no exact match in processed frequency, candidate-pool, or final real-word files",needs_manual_review,candidate pool only; not final pseudoword stimulus item
gộn mụch nhíp phỏc,4,high,v2_curated_vietnamese_onset_rime_recombination,Vietnamese-marked onset-rime syllable pattern passed; requires manual/native-speaker review,"no exact match in processed frequency, candidate-pool, or final real-word files",needs_manual_review,candidate pool only; not final pseudoword stimulus item
quém quộn cợnh vậc,4,high,v2_curated_vietnamese_onset_rime_recombination,Vietnamese-marked onset-rime syllable pattern passed; requires manual/native-speaker review,"no exact match in processed frequency, candidate-pool, or final real-word files",needs_manual_review,candidate pool only; not final pseudoword stimulus item
trếnh quíp ảp rộch,4,high,v2_curated_vietnamese_onset_rime_recombination,Vietnamese-marked onset-rime syllable pattern passed; requires manual/native-speaker review,"no exact match in processed frequency, candidate-pool, or final real-word files",needs_manual_review,candidate pool only; not final pseudoword stimulus item
mỵc sủm ngếng xưn,4,medium,v2_curated_vietnamese_onset_rime_recombination,Vietnamese-marked onset-rime syllable pattern passed; requires manual/native-speaker review,"no exact match in processed frequency, candidate-pool, or final real-word files",needs_manual_review,candidate pool only; not final pseudoword stimulus item
quỉch rịn vặ quẩm,4,medium,v2_curated_vietnamese_onset_rime_recombination,Vietnamese-marked onset-rime syllable pattern passed; requires manual/native-speaker review,"no exact match in processed frequency, candidate-pool, or final real-word files",needs_manual_review,candidate pool only; not final pseudoword stimulus item
ngớng họi vâch quôn,4,high,v2_curated_vietnamese_onset_rime_recombination,Vietnamese-marked onset-rime syllable pattern passed; requires manual/native-speaker review,"no exact match in processed frequency, candidate-pool, or final real-word files",needs_manual_review,candidate pool only; not final pseudoword stimulus item
nghỷp tống quỉn chọt,4,high,v2_curated_vietnamese_onset_rime_recombination,Vietnamese-marked onset-rime syllable pattern passed; requires manual/native-speaker review,"no exact match in processed frequency, candidate-pool, or final real-word files",needs_manual_review,candidate pool only; not final pseudoword stimulus item
nhểp dởng kẻp trỵt,4,high,v2_curated_vietnamese_onset_rime_recombination,Vietnamese-marked onset-rime syllable pattern passed; requires manual/native-speaker review,"no exact match in processed frequency, candidate-pool, or final real-word files",needs_manual_review,candidate pool only; not final pseudoword stimulus item
tựn nhảo bựng đýnh,4,high,v2_curated_vietnamese_onset_rime_recombination,Vietnamese-marked onset-rime syllable pattern passed; requires manual/native-speaker review,"no exact match in processed frequency, candidate-pool, or final real-word files",needs_manual_review,candidate pool only; not final pseudoword stimulus item
chửc chách mẹn giảnh,4,high,v2_curated_vietnamese_onset_rime_recombination,Vietnamese-marked onset-rime syllable pattern passed; requires manual/native-speaker review,"no exact match in processed frequency, candidate-pool, or final real-word files",needs_manual_review,candidate pool only; not final pseudoword stimulus item
tặc lỏch trấc nóch,4,high,v2_curated_vietnamese_onset_rime_recombination,Vietnamese-marked onset-rime syllable pattern passed; requires manual/native-speaker review,"no exact match in processed frequency, candidate-pool, or final real-word files",needs_manual_review,candidate pool only; not final pseudoword stimulus item
tớt thọch húm ạn,4,high,v2_curated_vietnamese_onset_rime_recombination,Vietnamese-marked onset-rime syllable pattern passed; requires manual/native-speaker review,"no exact match in processed frequency, candidate-pool, or final real-word files",needs_manual_review,candidate pool only; not final pseudoword stimulus item
nủ hắp chýn nảc,4,medium,v2_curated_vietnamese_onset_rime_recombination,Vietnamese-marked onset-rime syllable pattern passed; requires manual/native-speaker review,"no exact match in processed frequency, candidate-pool, or final real-word files",needs_manual_review,candidate pool only; not final pseudoword stimulus item
rẹo trộp bôt giỵt,4,high,v2_curated_vietnamese_onset_rime_recombination,Vietnamese-marked onset-rime syllable pattern passed; requires manual/native-speaker review,"no exact match in processed frequency, candidate-pool, or final real-word files",needs_manual_review,candidate pool only; not final pseudoword stimulus item
gảp sảp lủc xóch,4,medium,v2_curated_vietnamese_onset_rime_recombination,Vietnamese-marked onset-rime syllable pattern passed; requires manual/native-speaker review,"no exact match in processed frequency, candidate-pool, or final real-word files",needs_manual_review,candidate pool only; not final pseudoword stimulus item
trọp tứch quựn cấch,4,high,v2_curated_vietnamese_onset_rime_recombination,Vietnamese-marked onset-rime syllable pattern passed; requires manual/native-speaker review,"no exact match in processed frequency, candidate-pool, or final real-word files",needs_manual_review,candidate pool only; not final pseudoword stimulus item
phơp giậch dýc chẹc,4,high,v2_curated_vietnamese_onset_rime_recombination,Vietnamese-marked onset-rime syllable pattern passed; requires manual/native-speaker review,"no exact match in processed frequency, candidate-pool, or final real-word files",needs_manual_review,candidate pool only; not final pseudoword stimulus item
trủng sứn ngéng trựi,4,high,v2_curated_vietnamese_onset_rime_recombination,Vietnamese-marked onset-rime syllable pattern passed; requires manual/native-speaker review,"no exact match in processed frequency, candidate-pool, or final real-word files",needs_manual_review,candidate pool only; not final pseudoword stimulus item
lốch dónh lẹt giớnh,4,high,v2_curated_vietnamese_onset_rime_recombination,Vietnamese-marked onset-rime syllable pattern passed; requires manual/native-speaker review,"no exact match in processed frequency, candidate-pool, or final real-word files",needs_manual_review,candidate pool only; not final pseudoword stimulus item
nhýc bếch chá quônh,4,high,v2_curated_vietnamese_onset_rime_recombination,Vietnamese-marked onset-rime syllable pattern passed; requires manual/native-speaker review,"no exact match in processed frequency, candidate-pool, or final real-word files",needs_manual_review,candidate pool only; not final pseudoword stimulus item
tréc ngủp lưt nghỉp,4,high,v2_curated_vietnamese_onset_rime_recombination,Vietnamese-marked onset-rime syllable pattern passed; requires manual/native-speaker review,"no exact match in processed frequency, candidate-pool, or final real-word files",needs_manual_review,candidate pool only; not final pseudoword stimulus item
sửp véch thỏng vủt,4,high,v2_curated_vietnamese_onset_rime_recombination,Vietnamese-marked onset-rime syllable pattern passed; requires manual/native-speaker review,"no exact match in processed frequency, candidate-pool, or final real-word files",needs_manual_review,candidate pool only; not final pseudoword stimulus item
phẳt đim chún thụch,4,high,v2_curated_vietnamese_onset_rime_recombination,Vietnamese-marked onset-rime syllable pattern passed; requires manual/native-speaker review,"no exact match in processed frequency, candidate-pool, or final real-word files",needs_manual_review,candidate pool only; not final pseudoword stimulus item
vỷt vẻt ật nhủm,4,high,v2_curated_vietnamese_onset_rime_recombination,Vietnamese-marked onset-rime syllable pattern passed; requires manual/native-speaker review,"no exact match in processed frequency, candidate-pool, or final real-word files",needs_manual_review,candidate pool only; not final pseudoword stimulus item
gận quển đửnh trủm,4,high,v2_curated_vietnamese_onset_rime_recombination,Vietnamese-marked onset-rime syllable pattern passed; requires manual/native-speaker review,"no exact match in processed frequency, candidate-pool, or final real-word files",needs_manual_review,candidate pool only; not final pseudoword stimulus item
cựch mổn rỵch rỏc,4,medium,v2_curated_vietnamese_onset_rime_recombination,Vietnamese-marked onset-rime syllable pattern passed; requires manual/native-speaker review,"no exact match in processed frequency, candidate-pool, or final real-word files",needs_manual_review,candidate pool only; not final pseudoword stimulus item
quểch đửp thỏt vột,4,high,v2_curated_vietnamese_onset_rime_recombination,Vietnamese-marked onset-rime syllable pattern passed; requires manual/native-speaker review,"no exact match in processed frequency, candidate-pool, or final real-word files",needs_manual_review,candidate pool only; not final pseudoword stimulus item
tốp nhẩch thỉp ổp,4,high,v2_curated_vietnamese_onset_rime_recombination,Vietnamese-marked onset-rime syllable pattern passed; requires manual/native-speaker review,"no exact match in processed frequency, candidate-pool, or final real-word files",needs_manual_review,candidate pool only; not final pseudoword stimulus item
sẻo ẹch dắm chợm,4,medium,v2_curated_vietnamese_onset_rime_recombination,Vietnamese-marked onset-rime syllable pattern passed; requires manual/native-speaker review,"no exact match in processed frequency, candidate-pool, or final real-word files",needs_manual_review,candidate pool only; not final pseudoword stimulus item
dón rản bợp mốch,4,medium,v2_curated_vietnamese_onset_rime_recombination,Vietnamese-marked onset-rime syllable pattern passed; requires manual/native-speaker review,"no exact match in processed frequency, candidate-pool, or final real-word files",needs_manual_review,candidate pool only; not final pseudoword stimulus item
că rẹo nghỵnh đẳc,4,medium,v2_curated_vietnamese_onset_rime_recombination,Vietnamese-marked onset-rime syllable pattern passed; requires manual/native-speaker review,"no exact match in processed frequency, candidate-pool, or final real-word files",needs_manual_review,candidate pool only; not final pseudoword stimulus item
rúng đỵn phâc giểp,4,high,v2_curated_vietnamese_onset_rime_recombination,Vietnamese-marked onset-rime syllable pattern passed; requires manual/native-speaker review,"no exact match in processed frequency, candidate-pool, or final real-word files",needs_manual_review,candidate pool only; not final pseudoword stimulus item
tủn quọng ớnh ngín,4,high,v2_curated_vietnamese_onset_rime_recombination,Vietnamese-marked onset-rime syllable pattern passed; requires manual/native-speaker review,"no exact match in processed frequency, candidate-pool, or final real-word files",needs_manual_review,candidate pool only; not final pseudoword stimulus item
mớc hựnh ngẻch giẹc,4,high,v2_curated_vietnamese_onset_rime_recombination,Vietnamese-marked onset-rime syllable pattern passed; requires manual/native-speaker review,"no exact match in processed frequency, candidate-pool, or final real-word files",needs_manual_review,candidate pool only; not final pseudoword stimulus item
sỉn mẹc xẹ đệc,4,medium,v2_curated_vietnamese_onset_rime_recombination,Vietnamese-marked onset-rime syllable pattern passed; requires manual/native-speaker review,"no exact match in processed frequency, candidate-pool, or final real-word files",needs_manual_review,candidate pool only; not final pseudoword stimulus item
trểp rảo gụt dỷt,4,medium,v2_curated_vietnamese_onset_rime_recombination,Vietnamese-marked onset-rime syllable pattern passed; requires manual/native-speaker review,"no exact match in processed frequency, candidate-pool, or final real-word files",needs_manual_review,candidate pool only; not final pseudoword stimulus item
bổch tậm đổp ục,4,medium,v2_curated_vietnamese_onset_rime_recombination,Vietnamese-marked onset-rime syllable pattern passed; requires manual/native-speaker review,"no exact match in processed frequency, candidate-pool, or final real-word files",needs_manual_review,candidate pool only; not final pseudoword stimulus item
xơng thỏch phẹt vủch,4,high,v2_curated_vietnamese_onset_rime_recombination,Vietnamese-marked onset-rime syllable pattern passed; requires manual/native-speaker review,"no exact match in processed frequency, candidate-pool, or final real-word files",needs_manual_review,candidate pool only; not final pseudoword stimulus item
vúp vêch ngảch thặ,4,high,v2_curated_vietnamese_onset_rime_recombination,Vietnamese-marked onset-rime syllable pattern passed; requires manual/native-speaker review,"no exact match in processed frequency, candidate-pool, or final real-word files",needs_manual_review,candidate pool only; not final pseudoword stimulus item
mứi tọ mếm nỷnh,4,medium,v2_curated_vietnamese_onset_rime_recombination,Vietnamese-marked onset-rime syllable pattern passed; requires manual/native-speaker review,"no exact match in processed frequency, candidate-pool, or final real-word files",needs_manual_review,candidate pool only; not final pseudoword stimulus item
gôt gố hủng giâch,4,medium,v2_curated_vietnamese_onset_rime_recombination,Vietnamese-marked onset-rime syllable pattern passed; requires manual/native-speaker review,"no exact match in processed frequency, candidate-pool, or final real-word files",needs_manual_review,candidate pool only; not final pseudoword stimulus item
lẩnh quím nghẹch trộc,4,high,v2_curated_vietnamese_onset_rime_recombination,Vietnamese-marked onset-rime syllable pattern passed; requires manual/native-speaker review,"no exact match in processed frequency, candidate-pool, or final real-word files",needs_manual_review,candidate pool only; not final pseudoword stimulus item
mẳm sổt kỉ gụch,4,medium,v2_curated_vietnamese_onset_rime_recombination,Vietnamese-marked onset-rime syllable pattern passed; requires manual/native-speaker review,"no exact match in processed frequency, candidate-pool, or final real-word files",needs_manual_review,candidate pool only; not final pseudoword stimulus item
